Timing Analyzer report for PD_Asp
Thu May 21 11:47:50 2026
Quartus Prime Version 18.1.0 Build 625 09/12/2018 SJ Lite Edition


---------------------
; Table of Contents ;
---------------------
  1. Legal Notice
  2. Timing Analyzer Summary
  3. Parallel Compilation
  4. SDC File List
  5. Clocks
  6. Slow 1100mV 85C Model Fmax Summary
  7. Timing Closure Recommendations
  8. Slow 1100mV 85C Model Setup Summary
  9. Slow 1100mV 85C Model Hold Summary
 10. Slow 1100mV 85C Model Recovery Summary
 11. Slow 1100mV 85C Model Removal Summary
 12. Slow 1100mV 85C Model Minimum Pulse Width Summary
 13. Slow 1100mV 85C Model Metastability Summary
 14. Slow 1100mV 0C Model Fmax Summary
 15. Slow 1100mV 0C Model Setup Summary
 16. Slow 1100mV 0C Model Hold Summary
 17. Slow 1100mV 0C Model Recovery Summary
 18. Slow 1100mV 0C Model Removal Summary
 19. Slow 1100mV 0C Model Minimum Pulse Width Summary
 20. Slow 1100mV 0C Model Metastability Summary
 21. Fast 1100mV 85C Model Setup Summary
 22. Fast 1100mV 85C Model Hold Summary
 23. Fast 1100mV 85C Model Recovery Summary
 24. Fast 1100mV 85C Model Removal Summary
 25. Fast 1100mV 85C Model Minimum Pulse Width Summary
 26. Fast 1100mV 85C Model Metastability Summary
 27. Fast 1100mV 0C Model Setup Summary
 28. Fast 1100mV 0C Model Hold Summary
 29. Fast 1100mV 0C Model Recovery Summary
 30. Fast 1100mV 0C Model Removal Summary
 31. Fast 1100mV 0C Model Minimum Pulse Width Summary
 32. Fast 1100mV 0C Model Metastability Summary
 33. Multicorner Timing Analysis Summary
 34. Board Trace Model Assignments
 35. Input Transition Times
 36. Signal Integrity Metrics (Slow 1100mv 0c Model)
 37. Signal Integrity Metrics (Slow 1100mv 85c Model)
 38. Signal Integrity Metrics (Fast 1100mv 0c Model)
 39. Signal Integrity Metrics (Fast 1100mv 85c Model)
 40. Setup Transfers
 41. Hold Transfers
 42. Report TCCS
 43. Report RSKM
 44. Unconstrained Paths Summary
 45. Clock Status Summary
 46. Unconstrained Input Ports
 47. Unconstrained Output Ports
 48. Unconstrained Input Ports
 49. Unconstrained Output Ports
 50. Timing Analyzer Messages



----------------
; Legal Notice ;
----------------
Copyright (C) 2018  Intel Corporation. All rights reserved.
Your use of Intel Corporation's design tools, logic functions 
and other software and tools, and its AMPP partner logic 
functions, and any output files from any of the foregoing 
(including device programming or simulation files), and any 
associated documentation or information are expressly subject 
to the terms and conditions of the Intel Program License 
Subscription Agreement, the Intel Quartus Prime License Agreement,
the Intel FPGA IP License Agreement, or other applicable license
agreement, including, without limitation, that your use is for
the sole purpose of programming logic devices manufactured by
Intel and sold by Intel or its authorized distributors.  Please
refer to the applicable agreement for further details.



+-----------------------------------------------------------------------------+
; Timing Analyzer Summary                                                     ;
+-----------------------+-----------------------------------------------------+
; Quartus Prime Version ; Version 18.1.0 Build 625 09/12/2018 SJ Lite Edition ;
; Timing Analyzer       ; Legacy Timing Analyzer                              ;
; Revision Name         ; PD_Asp                                              ;
; Device Family         ; Cyclone V                                           ;
; Device Name           ; 5CGXFC7C7F23C8                                      ;
; Timing Models         ; Final                                               ;
; Delay Model           ; Combined                                            ;
; Rise/Fall Delays      ; Enabled                                             ;
+-----------------------+-----------------------------------------------------+


+------------------------------------------+
; Parallel Compilation                     ;
+----------------------------+-------------+
; Processors                 ; Number      ;
+----------------------------+-------------+
; Number detected on machine ; 12          ;
; Maximum allowed            ; 12          ;
;                            ;             ;
; Average used               ; 1.21        ;
; Maximum used               ; 12          ;
;                            ;             ;
; Usage by Processor         ; % Time Used ;
;     Processor 1            ; 100.0%      ;
;     Processor 2            ;   2.1%      ;
;     Processor 3            ;   2.1%      ;
;     Processor 4            ;   2.0%      ;
;     Processor 5            ;   1.8%      ;
;     Processor 6            ;   1.8%      ;
;     Processor 7            ;   1.8%      ;
;     Processor 8            ;   1.8%      ;
;     Processor 9            ;   1.8%      ;
;     Processor 10           ;   1.8%      ;
;     Processor 11           ;   1.8%      ;
;     Processor 12           ;   1.8%      ;
+----------------------------+-------------+


+---------------------------------------------------+
; SDC File List                                     ;
+---------------+--------+--------------------------+
; SDC File Path ; Status ; Read at                  ;
+---------------+--------+--------------------------+
; pd_asp.sdc    ; OK     ; Thu May 21 11:47:42 2026 ;
+---------------+--------+--------------------------+


+-----------------------------------------------------------------------------------------------------------------------------------------------------------------------------------+
; Clocks                                                                                                                                                                            ;
+------------+------+--------+------------+-------+-------+------------+-----------+-------------+-------+--------+-----------+------------+----------+--------+--------+-----------+
; Clock Name ; Type ; Period ; Frequency  ; Rise  ; Fall  ; Duty Cycle ; Divide by ; Multiply by ; Phase ; Offset ; Edge List ; Edge Shift ; Inverted ; Master ; Source ; Targets   ;
+------------+------+--------+------------+-------+-------+------------+-----------+-------------+-------+--------+-----------+------------+----------+--------+--------+-----------+
; clock      ; Base ; 1.000  ; 1000.0 MHz ; 0.000 ; 0.500 ;            ;           ;             ;       ;        ;           ;            ;          ;        ;        ; { clock } ;
+------------+------+--------+------------+-------+-------+------------+-----------+-------------+-------+--------+-----------+------------+----------+--------+--------+-----------+


+--------------------------------------------------+
; Slow 1100mV 85C Model Fmax Summary               ;
+------------+-----------------+------------+------+
; Fmax       ; Restricted Fmax ; Clock Name ; Note ;
+------------+-----------------+------------+------+
; 151.33 MHz ; 151.33 MHz      ; clock      ;      ;
+------------+-----------------+------------+------+
This panel reports FMAX for every clock in the design, regardless of the user-specified clock periods.  FMAX is only computed for paths where the source and destination registers or ports are driven by the same clock.  Paths of different clocks, including generated clocks, are ignored.  For paths between a clock and its inversion, FMAX is computed as if the rising and falling edges are scaled along with FMAX, such that the duty cycle (in terms of a percentage) is maintained. Altera recommends that you always use clock constraints and other slack reports for sign-off analysis.


----------------------------------
; Timing Closure Recommendations ;
----------------------------------
HTML report is unavailable in plain text report export.


+-------------------------------------+
; Slow 1100mV 85C Model Setup Summary ;
+-------+--------+--------------------+
; Clock ; Slack  ; End Point TNS      ;
+-------+--------+--------------------+
; clock ; -5.608 ; -787.241           ;
+-------+--------+--------------------+


+------------------------------------+
; Slow 1100mV 85C Model Hold Summary ;
+-------+-------+--------------------+
; Clock ; Slack ; End Point TNS      ;
+-------+-------+--------------------+
; clock ; 0.492 ; 0.000              ;
+-------+-------+--------------------+


------------------------------------------
; Slow 1100mV 85C Model Recovery Summary ;
------------------------------------------
No paths to report.


-----------------------------------------
; Slow 1100mV 85C Model Removal Summary ;
-----------------------------------------
No paths to report.


+---------------------------------------------------+
; Slow 1100mV 85C Model Minimum Pulse Width Summary ;
+-------+--------+----------------------------------+
; Clock ; Slack  ; End Point TNS                    ;
+-------+--------+----------------------------------+
; clock ; -0.724 ; -241.546                         ;
+-------+--------+----------------------------------+


-----------------------------------------------
; Slow 1100mV 85C Model Metastability Summary ;
-----------------------------------------------
No synchronizer chains to report.


+--------------------------------------------------+
; Slow 1100mV 0C Model Fmax Summary                ;
+------------+-----------------+------------+------+
; Fmax       ; Restricted Fmax ; Clock Name ; Note ;
+------------+-----------------+------------+------+
; 154.23 MHz ; 154.23 MHz      ; clock      ;      ;
+------------+-----------------+------------+------+
This panel reports FMAX for every clock in the design, regardless of the user-specified clock periods.  FMAX is only computed for paths where the source and destination registers or ports are driven by the same clock.  Paths of different clocks, including generated clocks, are ignored.  For paths between a clock and its inversion, FMAX is computed as if the rising and falling edges are scaled along with FMAX, such that the duty cycle (in terms of a percentage) is maintained. Altera recommends that you always use clock constraints and other slack reports for sign-off analysis.


+------------------------------------+
; Slow 1100mV 0C Model Setup Summary ;
+-------+--------+-------------------+
; Clock ; Slack  ; End Point TNS     ;
+-------+--------+-------------------+
; clock ; -5.484 ; -765.996          ;
+-------+--------+-------------------+


+-----------------------------------+
; Slow 1100mV 0C Model Hold Summary ;
+-------+-------+-------------------+
; Clock ; Slack ; End Point TNS     ;
+-------+-------+-------------------+
; clock ; 0.499 ; 0.000             ;
+-------+-------+-------------------+


-----------------------------------------
; Slow 1100mV 0C Model Recovery Summary ;
-----------------------------------------
No paths to report.


----------------------------------------
; Slow 1100mV 0C Model Removal Summary ;
----------------------------------------
No paths to report.


+--------------------------------------------------+
; Slow 1100mV 0C Model Minimum Pulse Width Summary ;
+-------+--------+---------------------------------+
; Clock ; Slack  ; End Point TNS                   ;
+-------+--------+---------------------------------+
; clock ; -0.724 ; -241.246                        ;
+-------+--------+---------------------------------+


----------------------------------------------
; Slow 1100mV 0C Model Metastability Summary ;
----------------------------------------------
No synchronizer chains to report.


+-------------------------------------+
; Fast 1100mV 85C Model Setup Summary ;
+-------+--------+--------------------+
; Clock ; Slack  ; End Point TNS      ;
+-------+--------+--------------------+
; clock ; -1.880 ; -230.402           ;
+-------+--------+--------------------+


+------------------------------------+
; Fast 1100mV 85C Model Hold Summary ;
+-------+-------+--------------------+
; Clock ; Slack ; End Point TNS      ;
+-------+-------+--------------------+
; clock ; 0.181 ; 0.000              ;
+-------+-------+--------------------+


------------------------------------------
; Fast 1100mV 85C Model Recovery Summary ;
------------------------------------------
No paths to report.


-----------------------------------------
; Fast 1100mV 85C Model Removal Summary ;
-----------------------------------------
No paths to report.


+---------------------------------------------------+
; Fast 1100mV 85C Model Minimum Pulse Width Summary ;
+-------+--------+----------------------------------+
; Clock ; Slack  ; End Point TNS                    ;
+-------+--------+----------------------------------+
; clock ; -0.092 ; -19.082                          ;
+-------+--------+----------------------------------+


-----------------------------------------------
; Fast 1100mV 85C Model Metastability Summary ;
-----------------------------------------------
No synchronizer chains to report.


+------------------------------------+
; Fast 1100mV 0C Model Setup Summary ;
+-------+--------+-------------------+
; Clock ; Slack  ; End Point TNS     ;
+-------+--------+-------------------+
; clock ; -1.601 ; -190.505          ;
+-------+--------+-------------------+


+-----------------------------------+
; Fast 1100mV 0C Model Hold Summary ;
+-------+-------+-------------------+
; Clock ; Slack ; End Point TNS     ;
+-------+-------+-------------------+
; clock ; 0.172 ; 0.000             ;
+-------+-------+-------------------+


-----------------------------------------
; Fast 1100mV 0C Model Recovery Summary ;
-----------------------------------------
No paths to report.


----------------------------------------
; Fast 1100mV 0C Model Removal Summary ;
----------------------------------------
No paths to report.


+--------------------------------------------------+
; Fast 1100mV 0C Model Minimum Pulse Width Summary ;
+-------+--------+---------------------------------+
; Clock ; Slack  ; End Point TNS                   ;
+-------+--------+---------------------------------+
; clock ; -0.091 ; -19.022                         ;
+-------+--------+---------------------------------+


----------------------------------------------
; Fast 1100mV 0C Model Metastability Summary ;
----------------------------------------------
No synchronizer chains to report.


+--------------------------------------------------------------------------------+
; Multicorner Timing Analysis Summary                                            ;
+------------------+----------+-------+----------+---------+---------------------+
; Clock            ; Setup    ; Hold  ; Recovery ; Removal ; Minimum Pulse Width ;
+------------------+----------+-------+----------+---------+---------------------+
; Worst-case Slack ; -5.608   ; 0.172 ; N/A      ; N/A     ; -0.724              ;
;  clock           ; -5.608   ; 0.172 ; N/A      ; N/A     ; -0.724              ;
; Design-wide TNS  ; -787.241 ; 0.0   ; 0.0      ; 0.0     ; -241.546            ;
;  clock           ; -787.241 ; 0.000 ; N/A      ; N/A     ; -241.546            ;
+------------------+----------+-------+----------+---------+---------------------+


+------------------------------------------------------------------------------------------------------------------------------------------------------------------------------------------------------------------------------------------------------------------------------------------------------------------------------------------------------------------------------------------------------------------+
; Board Trace Model Assignments                                                                                                                                                                                                                                                                                                                                                                                    ;
+---------------+--------------+-------------------+-------------------------+-------------------------+---------------+---------------------+----------------+------------------+--------+------------------+------------------------+------------------------+--------------+---------------+-----------------+-------+---------------------+--------------------+---------------+-----------------+-------------+
; Pin           ; I/O Standard ; Near Tline Length ; Near Tline L per Length ; Near Tline C per Length ; Near Series R ; Near Differential R ; Near Pull-up R ; Near Pull-down R ; Near C ; Far Tline Length ; Far Tline L per Length ; Far Tline C per Length ; Far Series R ; Far Pull-up R ; Far Pull-down R ; Far C ; Termination Voltage ; Far Differential R ; EBD File Name ; EBD Signal Name ; EBD Far-end ;
+---------------+--------------+-------------------+-------------------------+-------------------------+---------------+---------------------+----------------+------------------+--------+------------------+------------------------+------------------------+--------------+---------------+-----------------+-------+---------------------+--------------------+---------------+-----------------+-------------+
; send.data[0]  ; 2.5 V        ; 0 in              ; 0 H/in                  ; 0 F/in                  ; short         ; -                   ; open           ; open             ; open   ; 0 in             ; 0 H/in                 ; 0 F/in                 ; short        ; open          ; open            ; open  ; 0 V                 ; -                  ; n/a           ; n/a             ; n/a         ;
; send.data[1]  ; 2.5 V        ; 0 in              ; 0 H/in                  ; 0 F/in                  ; short         ; -                   ; open           ; open             ; open   ; 0 in             ; 0 H/in                 ; 0 F/in                 ; short        ; open          ; open            ; open  ; 0 V                 ; -                  ; n/a           ; n/a             ; n/a         ;
; send.data[2]  ; 2.5 V        ; 0 in              ; 0 H/in                  ; 0 F/in                  ; short         ; -                   ; open           ; open             ; open   ; 0 in             ; 0 H/in                 ; 0 F/in                 ; short        ; open          ; open            ; open  ; 0 V                 ; -                  ; n/a           ; n/a             ; n/a         ;
; send.data[3]  ; 2.5 V        ; 0 in              ; 0 H/in                  ; 0 F/in                  ; short         ; -                   ; open           ; open             ; open   ; 0 in             ; 0 H/in                 ; 0 F/in                 ; short        ; open          ; open            ; open  ; 0 V                 ; -                  ; n/a           ; n/a             ; n/a         ;
; send.data[4]  ; 2.5 V        ; 0 in              ; 0 H/in                  ; 0 F/in                  ; short         ; -                   ; open           ; open             ; open   ; 0 in             ; 0 H/in                 ; 0 F/in                 ; short        ; open          ; open            ; open  ; 0 V                 ; -                  ; n/a           ; n/a             ; n/a         ;
; send.data[5]  ; 2.5 V        ; 0 in              ; 0 H/in                  ; 0 F/in                  ; short         ; -                   ; open           ; open             ; open   ; 0 in             ; 0 H/in                 ; 0 F/in                 ; short        ; open          ; open            ; open  ; 0 V                 ; -                  ; n/a           ; n/a             ; n/a         ;
; send.data[6]  ; 2.5 V        ; 0 in              ; 0 H/in                  ; 0 F/in                  ; short         ; -                   ; open           ; open             ; open   ; 0 in             ; 0 H/in                 ; 0 F/in                 ; short        ; open          ; open            ; open  ; 0 V                 ; -                  ; n/a           ; n/a             ; n/a         ;
; send.data[7]  ; 2.5 V        ; 0 in              ; 0 H/in                  ; 0 F/in                  ; short         ; -                   ; open           ; open             ; open   ; 0 in             ; 0 H/in                 ; 0 F/in                 ; short        ; open          ; open            ; open  ; 0 V                 ; -                  ; n/a           ; n/a             ; n/a         ;
; send.data[8]  ; 2.5 V        ; 0 in              ; 0 H/in                  ; 0 F/in                  ; short         ; -                   ; open           ; open             ; open   ; 0 in             ; 0 H/in                 ; 0 F/in                 ; short        ; open          ; open            ; open  ; 0 V                 ; -                  ; n/a           ; n/a             ; n/a         ;
; send.data[9]  ; 2.5 V        ; 0 in              ; 0 H/in                  ; 0 F/in                  ; short         ; -                   ; open           ; open             ; open   ; 0 in             ; 0 H/in                 ; 0 F/in                 ; short        ; open          ; open            ; open  ; 0 V                 ; -                  ; n/a           ; n/a             ; n/a         ;
; send.data[10] ; 2.5 V        ; 0 in              ; 0 H/in                  ; 0 F/in                  ; short         ; -                   ; open           ; open             ; open   ; 0 in             ; 0 H/in                 ; 0 F/in                 ; short        ; open          ; open            ; open  ; 0 V                 ; -                  ; n/a           ; n/a             ; n/a         ;
; send.data[11] ; 2.5 V        ; 0 in              ; 0 H/in                  ; 0 F/in                  ; short         ; -                   ; open           ; open             ; open   ; 0 in             ; 0 H/in                 ; 0 F/in                 ; short        ; open          ; open            ; open  ; 0 V                 ; -                  ; n/a           ; n/a             ; n/a         ;
; send.data[12] ; 2.5 V        ; 0 in              ; 0 H/in                  ; 0 F/in                  ; short         ; -                   ; open           ; open             ; open   ; 0 in             ; 0 H/in                 ; 0 F/in                 ; short        ; open          ; open            ; open  ; 0 V                 ; -                  ; n/a           ; n/a             ; n/a         ;
; send.data[13] ; 2.5 V        ; 0 in              ; 0 H/in                  ; 0 F/in                  ; short         ; -                   ; open           ; open             ; open   ; 0 in             ; 0 H/in                 ; 0 F/in                 ; short        ; open          ; open            ; open  ; 0 V                 ; -                  ; n/a           ; n/a             ; n/a         ;
; send.data[14] ; 2.5 V        ; 0 in              ; 0 H/in                  ; 0 F/in                  ; short         ; -                   ; open           ; open             ; open   ; 0 in             ; 0 H/in                 ; 0 F/in                 ; short        ; open          ; open            ; open  ; 0 V                 ; -                  ; n/a           ; n/a             ; n/a         ;
; send.data[15] ; 2.5 V        ; 0 in              ; 0 H/in                  ; 0 F/in                  ; short         ; -                   ; open           ; open             ; open   ; 0 in             ; 0 H/in                 ; 0 F/in                 ; short        ; open          ; open            ; open  ; 0 V                 ; -                  ; n/a           ; n/a             ; n/a         ;
; send.data[16] ; 2.5 V        ; 0 in              ; 0 H/in                  ; 0 F/in                  ; short         ; -                   ; open           ; open             ; open   ; 0 in             ; 0 H/in                 ; 0 F/in                 ; short        ; open          ; open            ; open  ; 0 V                 ; -                  ; n/a           ; n/a             ; n/a         ;
; send.data[17] ; 2.5 V        ; 0 in              ; 0 H/in                  ; 0 F/in                  ; short         ; -                   ; open           ; open             ; open   ; 0 in             ; 0 H/in                 ; 0 F/in                 ; short        ; open          ; open            ; open  ; 0 V                 ; -                  ; n/a           ; n/a             ; n/a         ;
; send.data[18] ; 2.5 V        ; 0 in              ; 0 H/in                  ; 0 F/in                  ; short         ; -                   ; open           ; open             ; open   ; 0 in             ; 0 H/in                 ; 0 F/in                 ; short        ; open          ; open            ; open  ; 0 V                 ; -                  ; n/a           ; n/a             ; n/a         ;
; send.data[19] ; 2.5 V        ; 0 in              ; 0 H/in                  ; 0 F/in                  ; short         ; -                   ; open           ; open             ; open   ; 0 in             ; 0 H/in                 ; 0 F/in                 ; short        ; open          ; open            ; open  ; 0 V                 ; -                  ; n/a           ; n/a             ; n/a         ;
; send.data[20] ; 2.5 V        ; 0 in              ; 0 H/in                  ; 0 F/in                  ; short         ; -                   ; open           ; open             ; open   ; 0 in             ; 0 H/in                 ; 0 F/in                 ; short        ; open          ; open            ; open  ; 0 V                 ; -                  ; n/a           ; n/a             ; n/a         ;
; send.data[21] ; 2.5 V        ; 0 in              ; 0 H/in                  ; 0 F/in                  ; short         ; -                   ; open           ; open             ; open   ; 0 in             ; 0 H/in                 ; 0 F/in                 ; short        ; open          ; open            ; open  ; 0 V                 ; -                  ; n/a           ; n/a             ; n/a         ;
; send.data[22] ; 2.5 V        ; 0 in              ; 0 H/in                  ; 0 F/in                  ; short         ; -                   ; open           ; open             ; open   ; 0 in             ; 0 H/in                 ; 0 F/in                 ; short        ; open          ; open            ; open  ; 0 V                 ; -                  ; n/a           ; n/a             ; n/a         ;
; send.data[23] ; 2.5 V        ; 0 in              ; 0 H/in                  ; 0 F/in                  ; short         ; -                   ; open           ; open             ; open   ; 0 in             ; 0 H/in                 ; 0 F/in                 ; short        ; open          ; open            ; open  ; 0 V                 ; -                  ; n/a           ; n/a             ; n/a         ;
; send.data[24] ; 2.5 V        ; 0 in              ; 0 H/in                  ; 0 F/in                  ; short         ; -                   ; open           ; open             ; open   ; 0 in             ; 0 H/in                 ; 0 F/in                 ; short        ; open          ; open            ; open  ; 0 V                 ; -                  ; n/a           ; n/a             ; n/a         ;
; send.data[25] ; 2.5 V        ; 0 in              ; 0 H/in                  ; 0 F/in                  ; short         ; -                   ; open           ; open             ; open   ; 0 in             ; 0 H/in                 ; 0 F/in                 ; short        ; open          ; open            ; open  ; 0 V                 ; -                  ; n/a           ; n/a             ; n/a         ;
; send.data[26] ; 2.5 V        ; 0 in              ; 0 H/in                  ; 0 F/in                  ; short         ; -                   ; open           ; open             ; open   ; 0 in             ; 0 H/in                 ; 0 F/in                 ; short        ; open          ; open            ; open  ; 0 V                 ; -                  ; n/a           ; n/a             ; n/a         ;
; send.data[27] ; 2.5 V        ; 0 in              ; 0 H/in                  ; 0 F/in                  ; short         ; -                   ; open           ; open             ; open   ; 0 in             ; 0 H/in                 ; 0 F/in                 ; short        ; open          ; open            ; open  ; 0 V                 ; -                  ; n/a           ; n/a             ; n/a         ;
; send.data[28] ; 2.5 V        ; 0 in              ; 0 H/in                  ; 0 F/in                  ; short         ; -                   ; open           ; open             ; open   ; 0 in             ; 0 H/in                 ; 0 F/in                 ; short        ; open          ; open            ; open  ; 0 V                 ; -                  ; n/a           ; n/a             ; n/a         ;
; send.data[29] ; 2.5 V        ; 0 in              ; 0 H/in                  ; 0 F/in                  ; short         ; -                   ; open           ; open             ; open   ; 0 in             ; 0 H/in                 ; 0 F/in                 ; short        ; open          ; open            ; open  ; 0 V                 ; -                  ; n/a           ; n/a             ; n/a         ;
; send.data[30] ; 2.5 V        ; 0 in              ; 0 H/in                  ; 0 F/in                  ; short         ; -                   ; open           ; open             ; open   ; 0 in             ; 0 H/in                 ; 0 F/in                 ; short        ; open          ; open            ; open  ; 0 V                 ; -                  ; n/a           ; n/a             ; n/a         ;
; send.data[31] ; 2.5 V        ; 0 in              ; 0 H/in                  ; 0 F/in                  ; short         ; -                   ; open           ; open             ; open   ; 0 in             ; 0 H/in                 ; 0 F/in                 ; short        ; open          ; open            ; open  ; 0 V                 ; -                  ; n/a           ; n/a             ; n/a         ;
; send.addr[0]  ; 2.5 V        ; 0 in              ; 0 H/in                  ; 0 F/in                  ; short         ; -                   ; open           ; open             ; open   ; 0 in             ; 0 H/in                 ; 0 F/in                 ; short        ; open          ; open            ; open  ; 0 V                 ; -                  ; n/a           ; n/a             ; n/a         ;
; send.addr[1]  ; 2.5 V        ; 0 in              ; 0 H/in                  ; 0 F/in                  ; short         ; -                   ; open           ; open             ; open   ; 0 in             ; 0 H/in                 ; 0 F/in                 ; short        ; open          ; open            ; open  ; 0 V                 ; -                  ; n/a           ; n/a             ; n/a         ;
; send.addr[2]  ; 2.5 V        ; 0 in              ; 0 H/in                  ; 0 F/in                  ; short         ; -                   ; open           ; open             ; open   ; 0 in             ; 0 H/in                 ; 0 F/in                 ; short        ; open          ; open            ; open  ; 0 V                 ; -                  ; n/a           ; n/a             ; n/a         ;
; send.addr[3]  ; 2.5 V        ; 0 in              ; 0 H/in                  ; 0 F/in                  ; short         ; -                   ; open           ; open             ; open   ; 0 in             ; 0 H/in                 ; 0 F/in                 ; short        ; open          ; open            ; open  ; 0 V                 ; -                  ; n/a           ; n/a             ; n/a         ;
; send.addr[4]  ; 2.5 V        ; 0 in              ; 0 H/in                  ; 0 F/in                  ; short         ; -                   ; open           ; open             ; open   ; 0 in             ; 0 H/in                 ; 0 F/in                 ; short        ; open          ; open            ; open  ; 0 V                 ; -                  ; n/a           ; n/a             ; n/a         ;
; send.addr[5]  ; 2.5 V        ; 0 in              ; 0 H/in                  ; 0 F/in                  ; short         ; -                   ; open           ; open             ; open   ; 0 in             ; 0 H/in                 ; 0 F/in                 ; short        ; open          ; open            ; open  ; 0 V                 ; -                  ; n/a           ; n/a             ; n/a         ;
; send.addr[6]  ; 2.5 V        ; 0 in              ; 0 H/in                  ; 0 F/in                  ; short         ; -                   ; open           ; open             ; open   ; 0 in             ; 0 H/in                 ; 0 F/in                 ; short        ; open          ; open            ; open  ; 0 V                 ; -                  ; n/a           ; n/a             ; n/a         ;
; send.addr[7]  ; 2.5 V        ; 0 in              ; 0 H/in                  ; 0 F/in                  ; short         ; -                   ; open           ; open             ; open   ; 0 in             ; 0 H/in                 ; 0 F/in                 ; short        ; open          ; open            ; open  ; 0 V                 ; -                  ; n/a           ; n/a             ; n/a         ;
+---------------+--------------+-------------------+-------------------------+-------------------------+---------------+---------------------+----------------+------------------+--------+------------------+------------------------+------------------------+--------------+---------------+-----------------+-------+---------------------+--------------------+---------------+-----------------+-------------+


+------------------------------------------------------------------+
; Input Transition Times                                           ;
+---------------+--------------+-----------------+-----------------+
; Pin           ; I/O Standard ; 10-90 Rise Time ; 90-10 Fall Time ;
+---------------+--------------+-----------------+-----------------+
; recv.data[20] ; 2.5 V        ; 2000 ps         ; 2000 ps         ;
; recv.data[21] ; 2.5 V        ; 2000 ps         ; 2000 ps         ;
; recv.data[22] ; 2.5 V        ; 2000 ps         ; 2000 ps         ;
; recv.data[23] ; 2.5 V        ; 2000 ps         ; 2000 ps         ;
; reset         ; 2.5 V        ; 2000 ps         ; 2000 ps         ;
; init          ; 2.5 V        ; 2000 ps         ; 2000 ps         ;
; clock         ; 2.5 V        ; 2000 ps         ; 2000 ps         ;
; recv.data[29] ; 2.5 V        ; 2000 ps         ; 2000 ps         ;
; recv.data[24] ; 2.5 V        ; 2000 ps         ; 2000 ps         ;
; recv.data[25] ; 2.5 V        ; 2000 ps         ; 2000 ps         ;
; recv.data[26] ; 2.5 V        ; 2000 ps         ; 2000 ps         ;
; recv.data[27] ; 2.5 V        ; 2000 ps         ; 2000 ps         ;
; recv.data[28] ; 2.5 V        ; 2000 ps         ; 2000 ps         ;
; recv.data[30] ; 2.5 V        ; 2000 ps         ; 2000 ps         ;
; recv.data[31] ; 2.5 V        ; 2000 ps         ; 2000 ps         ;
; recv.addr[0]  ; 2.5 V        ; 2000 ps         ; 2000 ps         ;
; recv.addr[1]  ; 2.5 V        ; 2000 ps         ; 2000 ps         ;
; recv.addr[2]  ; 2.5 V        ; 2000 ps         ; 2000 ps         ;
; recv.addr[3]  ; 2.5 V        ; 2000 ps         ; 2000 ps         ;
; recv.addr[4]  ; 2.5 V        ; 2000 ps         ; 2000 ps         ;
; recv.addr[5]  ; 2.5 V        ; 2000 ps         ; 2000 ps         ;
; recv.addr[6]  ; 2.5 V        ; 2000 ps         ; 2000 ps         ;
; recv.addr[7]  ; 2.5 V        ; 2000 ps         ; 2000 ps         ;
; recv.data[9]  ; 2.5 V        ; 2000 ps         ; 2000 ps         ;
; recv.data[5]  ; 2.5 V        ; 2000 ps         ; 2000 ps         ;
; recv.data[8]  ; 2.5 V        ; 2000 ps         ; 2000 ps         ;
; recv.data[4]  ; 2.5 V        ; 2000 ps         ; 2000 ps         ;
; recv.data[7]  ; 2.5 V        ; 2000 ps         ; 2000 ps         ;
; recv.data[3]  ; 2.5 V        ; 2000 ps         ; 2000 ps         ;
; recv.data[6]  ; 2.5 V        ; 2000 ps         ; 2000 ps         ;
; recv.data[2]  ; 2.5 V        ; 2000 ps         ; 2000 ps         ;
; recv.data[1]  ; 2.5 V        ; 2000 ps         ; 2000 ps         ;
; recv.data[0]  ; 2.5 V        ; 2000 ps         ; 2000 ps         ;
; recv.data[19] ; 2.5 V        ; 2000 ps         ; 2000 ps         ;
; recv.data[15] ; 2.5 V        ; 2000 ps         ; 2000 ps         ;
; recv.data[18] ; 2.5 V        ; 2000 ps         ; 2000 ps         ;
; recv.data[14] ; 2.5 V        ; 2000 ps         ; 2000 ps         ;
; recv.data[17] ; 2.5 V        ; 2000 ps         ; 2000 ps         ;
; recv.data[13] ; 2.5 V        ; 2000 ps         ; 2000 ps         ;
; recv.data[16] ; 2.5 V        ; 2000 ps         ; 2000 ps         ;
; recv.data[12] ; 2.5 V        ; 2000 ps         ; 2000 ps         ;
; recv.data[11] ; 2.5 V        ; 2000 ps         ; 2000 ps         ;
; recv.data[10] ; 2.5 V        ; 2000 ps         ; 2000 ps         ;
+---------------+--------------+-----------------+-----------------+


+--------------------------------------------------------------------------------------------------------------------------------------------------------------------------------------------------------------------------------------------------------------------------------------------------------------------------------------------------------------------------------------------------------------------------------------------------------------------------------------------------------------------------------------------------------------------------------------------------------------------------------------------------------------------------------------------+
; Signal Integrity Metrics (Slow 1100mv 0c Model)                                                                                                                                                                                                                                                                                                                                                                                                                                                                                                                                                                                                                                            ;
+---------------+--------------+---------------------+---------------------+------------------------------+------------------------------+---------------------+---------------------+--------------------------------------+--------------------------------------+-----------------------------+-----------------------------+----------------------------+----------------------------+-----------------------------+-----------------------------+--------------------+--------------------+-------------------------------------+-------------------------------------+----------------------------+----------------------------+---------------------------+---------------------------+
; Pin           ; I/O Standard ; Board Delay on Rise ; Board Delay on Fall ; Steady State Voh at FPGA Pin ; Steady State Vol at FPGA Pin ; Voh Max at FPGA Pin ; Vol Min at FPGA Pin ; Ringback Voltage on Rise at FPGA Pin ; Ringback Voltage on Fall at FPGA Pin ; 10-90 Rise Time at FPGA Pin ; 90-10 Fall Time at FPGA Pin ; Monotonic Rise at FPGA Pin ; Monotonic Fall at FPGA Pin ; Steady State Voh at Far-end ; Steady State Vol at Far-end ; Voh Max at Far-end ; Vol Min at Far-end ; Ringback Voltage on Rise at Far-end ; Ringback Voltage on Fall at Far-end ; 10-90 Rise Time at Far-end ; 90-10 Fall Time at Far-end ; Monotonic Rise at Far-end ; Monotonic Fall at Far-end ;
+---------------+--------------+---------------------+---------------------+------------------------------+------------------------------+---------------------+---------------------+--------------------------------------+--------------------------------------+-----------------------------+-----------------------------+----------------------------+----------------------------+-----------------------------+-----------------------------+--------------------+--------------------+-------------------------------------+-------------------------------------+----------------------------+----------------------------+---------------------------+---------------------------+
; send.data[0]  ; 2.5 V        ; 0 s                 ; 0 s                 ; 2.32 V                       ; 6.72e-08 V                   ; 2.4 V               ; -0.041 V            ; 0.19 V                               ; 0.126 V                              ; 4.59e-10 s                  ; 4.54e-10 s                  ; No                         ; Yes                        ; 2.32 V                      ; 6.72e-08 V                  ; 2.4 V              ; -0.041 V           ; 0.19 V                              ; 0.126 V                             ; 4.59e-10 s                 ; 4.54e-10 s                 ; No                        ; Yes                       ;
; send.data[1]  ; 2.5 V        ; 0 s                 ; 0 s                 ; 2.32 V                       ; 6.72e-08 V                   ; 2.4 V               ; -0.041 V            ; 0.19 V                               ; 0.126 V                              ; 4.59e-10 s                  ; 4.54e-10 s                  ; No                         ; Yes                        ; 2.32 V                      ; 6.72e-08 V                  ; 2.4 V              ; -0.041 V           ; 0.19 V                              ; 0.126 V                             ; 4.59e-10 s                 ; 4.54e-10 s                 ; No                        ; Yes                       ;
; send.data[2]  ; 2.5 V        ; 0 s                 ; 0 s                 ; 2.32 V                       ; 5.91e-08 V                   ; 2.35 V              ; -0.0136 V           ; 0.17 V                               ; 0.118 V                              ; 4.69e-10 s                  ; 4.63e-10 s                  ; Yes                        ; Yes                        ; 2.32 V                      ; 5.91e-08 V                  ; 2.35 V             ; -0.0136 V          ; 0.17 V                              ; 0.118 V                             ; 4.69e-10 s                 ; 4.63e-10 s                 ; Yes                       ; Yes                       ;
; send.data[3]  ; 2.5 V        ; 0 s                 ; 0 s                 ; 2.32 V                       ; 5.91e-08 V                   ; 2.35 V              ; -0.0136 V           ; 0.17 V                               ; 0.118 V                              ; 4.69e-10 s                  ; 4.63e-10 s                  ; Yes                        ; Yes                        ; 2.32 V                      ; 5.91e-08 V                  ; 2.35 V             ; -0.0136 V          ; 0.17 V                              ; 0.118 V                             ; 4.69e-10 s                 ; 4.63e-10 s                 ; Yes                       ; Yes                       ;
; send.data[4]  ; 2.5 V        ; 0 s                 ; 0 s                 ; 2.32 V                       ; 5.91e-08 V                   ; 2.35 V              ; -0.0136 V           ; 0.17 V                               ; 0.118 V                              ; 4.69e-10 s                  ; 4.63e-10 s                  ; Yes                        ; Yes                        ; 2.32 V                      ; 5.91e-08 V                  ; 2.35 V             ; -0.0136 V          ; 0.17 V                              ; 0.118 V                             ; 4.69e-10 s                 ; 4.63e-10 s                 ; Yes                       ; Yes                       ;
; send.data[5]  ; 2.5 V        ; 0 s                 ; 0 s                 ; 2.32 V                       ; 6.72e-08 V                   ; 2.4 V               ; -0.0409 V           ; 0.192 V                              ; 0.125 V                              ; 4.59e-10 s                  ; 4.54e-10 s                  ; No                         ; Yes                        ; 2.32 V                      ; 6.72e-08 V                  ; 2.4 V              ; -0.0409 V          ; 0.192 V                             ; 0.125 V                             ; 4.59e-10 s                 ; 4.54e-10 s                 ; No                        ; Yes                       ;
; send.data[6]  ; 2.5 V        ; 0 s                 ; 0 s                 ; 2.32 V                       ; 6.72e-08 V                   ; 2.4 V               ; -0.041 V            ; 0.19 V                               ; 0.126 V                              ; 4.59e-10 s                  ; 4.54e-10 s                  ; No                         ; Yes                        ; 2.32 V                      ; 6.72e-08 V                  ; 2.4 V              ; -0.041 V           ; 0.19 V                              ; 0.126 V                             ; 4.59e-10 s                 ; 4.54e-10 s                 ; No                        ; Yes                       ;
; send.data[7]  ; 2.5 V        ; 0 s                 ; 0 s                 ; 2.32 V                       ; 5.91e-08 V                   ; 2.35 V              ; -0.0136 V           ; 0.17 V                               ; 0.118 V                              ; 4.69e-10 s                  ; 4.63e-10 s                  ; Yes                        ; Yes                        ; 2.32 V                      ; 5.91e-08 V                  ; 2.35 V             ; -0.0136 V          ; 0.17 V                              ; 0.118 V                             ; 4.69e-10 s                 ; 4.63e-10 s                 ; Yes                       ; Yes                       ;
; send.data[8]  ; 2.5 V        ; 0 s                 ; 0 s                 ; 2.32 V                       ; 6.72e-08 V                   ; 2.4 V               ; -0.041 V            ; 0.19 V                               ; 0.126 V                              ; 4.59e-10 s                  ; 4.54e-10 s                  ; No                         ; Yes                        ; 2.32 V                      ; 6.72e-08 V                  ; 2.4 V              ; -0.041 V           ; 0.19 V                              ; 0.126 V                             ; 4.59e-10 s                 ; 4.54e-10 s                 ; No                        ; Yes                       ;
; send.data[9]  ; 2.5 V        ; 0 s                 ; 0 s                 ; 2.32 V                       ; 6.72e-08 V                   ; 2.4 V               ; -0.041 V            ; 0.19 V                               ; 0.126 V                              ; 4.59e-10 s                  ; 4.54e-10 s                  ; No                         ; Yes                        ; 2.32 V                      ; 6.72e-08 V                  ; 2.4 V              ; -0.041 V           ; 0.19 V                              ; 0.126 V                             ; 4.59e-10 s                 ; 4.54e-10 s                 ; No                        ; Yes                       ;
; send.data[10] ; 2.5 V        ; 0 s                 ; 0 s                 ; 2.32 V                       ; 6.86e-08 V                   ; 2.4 V               ; -0.0326 V           ; 0.227 V                              ; 0.16 V                               ; 4.73e-10 s                  ; 4.78e-10 s                  ; No                         ; Yes                        ; 2.32 V                      ; 6.86e-08 V                  ; 2.4 V              ; -0.0326 V          ; 0.227 V                             ; 0.16 V                              ; 4.73e-10 s                 ; 4.78e-10 s                 ; No                        ; Yes                       ;
; send.data[11] ; 2.5 V        ; 0 s                 ; 0 s                 ; 2.32 V                       ; 6.72e-08 V                   ; 2.4 V               ; -0.041 V            ; 0.19 V                               ; 0.126 V                              ; 4.59e-10 s                  ; 4.54e-10 s                  ; No                         ; Yes                        ; 2.32 V                      ; 6.72e-08 V                  ; 2.4 V              ; -0.041 V           ; 0.19 V                              ; 0.126 V                             ; 4.59e-10 s                 ; 4.54e-10 s                 ; No                        ; Yes                       ;
; send.data[12] ; 2.5 V        ; 0 s                 ; 0 s                 ; 2.32 V                       ; 6.86e-08 V                   ; 2.4 V               ; -0.0326 V           ; 0.227 V                              ; 0.16 V                               ; 4.73e-10 s                  ; 4.78e-10 s                  ; No                         ; Yes                        ; 2.32 V                      ; 6.86e-08 V                  ; 2.4 V              ; -0.0326 V          ; 0.227 V                             ; 0.16 V                              ; 4.73e-10 s                 ; 4.78e-10 s                 ; No                        ; Yes                       ;
; send.data[13] ; 2.5 V        ; 0 s                 ; 0 s                 ; 2.32 V                       ; 6.72e-08 V                   ; 2.4 V               ; -0.0409 V           ; 0.192 V                              ; 0.125 V                              ; 4.59e-10 s                  ; 4.54e-10 s                  ; No                         ; Yes                        ; 2.32 V                      ; 6.72e-08 V                  ; 2.4 V              ; -0.0409 V          ; 0.192 V                             ; 0.125 V                             ; 4.59e-10 s                 ; 4.54e-10 s                 ; No                        ; Yes                       ;
; send.data[14] ; 2.5 V        ; 0 s                 ; 0 s                 ; 2.32 V                       ; 5.91e-08 V                   ; 2.35 V              ; -0.0136 V           ; 0.17 V                               ; 0.118 V                              ; 4.69e-10 s                  ; 4.63e-10 s                  ; Yes                        ; Yes                        ; 2.32 V                      ; 5.91e-08 V                  ; 2.35 V             ; -0.0136 V          ; 0.17 V                              ; 0.118 V                             ; 4.69e-10 s                 ; 4.63e-10 s                 ; Yes                       ; Yes                       ;
; send.data[15] ; 2.5 V        ; 0 s                 ; 0 s                 ; 2.32 V                       ; 6.72e-08 V                   ; 2.4 V               ; -0.0409 V           ; 0.192 V                              ; 0.125 V                              ; 4.59e-10 s                  ; 4.54e-10 s                  ; No                         ; Yes                        ; 2.32 V                      ; 6.72e-08 V                  ; 2.4 V              ; -0.0409 V          ; 0.192 V                             ; 0.125 V                             ; 4.59e-10 s                 ; 4.54e-10 s                 ; No                        ; Yes                       ;
; send.data[16] ; 2.5 V        ; 0 s                 ; 0 s                 ; 2.32 V                       ; 6.72e-08 V                   ; 2.4 V               ; -0.0409 V           ; 0.192 V                              ; 0.125 V                              ; 4.59e-10 s                  ; 4.54e-10 s                  ; No                         ; Yes                        ; 2.32 V                      ; 6.72e-08 V                  ; 2.4 V              ; -0.0409 V          ; 0.192 V                             ; 0.125 V                             ; 4.59e-10 s                 ; 4.54e-10 s                 ; No                        ; Yes                       ;
; send.data[17] ; 2.5 V        ; 0 s                 ; 0 s                 ; 2.32 V                       ; 5.91e-08 V                   ; 2.35 V              ; -0.0136 V           ; 0.17 V                               ; 0.118 V                              ; 4.69e-10 s                  ; 4.63e-10 s                  ; Yes                        ; Yes                        ; 2.32 V                      ; 5.91e-08 V                  ; 2.35 V             ; -0.0136 V          ; 0.17 V                              ; 0.118 V                             ; 4.69e-10 s                 ; 4.63e-10 s                 ; Yes                       ; Yes                       ;
; send.data[18] ; 2.5 V        ; 0 s                 ; 0 s                 ; 2.32 V                       ; 6.86e-08 V                   ; 2.4 V               ; -0.0326 V           ; 0.227 V                              ; 0.16 V                               ; 4.73e-10 s                  ; 4.78e-10 s                  ; No                         ; Yes                        ; 2.32 V                      ; 6.86e-08 V                  ; 2.4 V              ; -0.0326 V          ; 0.227 V                             ; 0.16 V                              ; 4.73e-10 s                 ; 4.78e-10 s                 ; No                        ; Yes                       ;
; send.data[19] ; 2.5 V        ; 0 s                 ; 0 s                 ; 2.32 V                       ; 5.91e-08 V                   ; 2.35 V              ; -0.0136 V           ; 0.17 V                               ; 0.118 V                              ; 4.69e-10 s                  ; 4.63e-10 s                  ; Yes                        ; Yes                        ; 2.32 V                      ; 5.91e-08 V                  ; 2.35 V             ; -0.0136 V          ; 0.17 V                              ; 0.118 V                             ; 4.69e-10 s                 ; 4.63e-10 s                 ; Yes                       ; Yes                       ;
; send.data[20] ; 2.5 V        ; 0 s                 ; 0 s                 ; 2.32 V                       ; 5.91e-08 V                   ; 2.35 V              ; -0.0136 V           ; 0.17 V                               ; 0.118 V                              ; 4.69e-10 s                  ; 4.63e-10 s                  ; Yes                        ; Yes                        ; 2.32 V                      ; 5.91e-08 V                  ; 2.35 V             ; -0.0136 V          ; 0.17 V                              ; 0.118 V                             ; 4.69e-10 s                 ; 4.63e-10 s                 ; Yes                       ; Yes                       ;
; send.data[21] ; 2.5 V        ; 0 s                 ; 0 s                 ; 2.32 V                       ; 6.86e-08 V                   ; 2.4 V               ; -0.0326 V           ; 0.227 V                              ; 0.16 V                               ; 4.73e-10 s                  ; 4.78e-10 s                  ; No                         ; Yes                        ; 2.32 V                      ; 6.86e-08 V                  ; 2.4 V              ; -0.0326 V          ; 0.227 V                             ; 0.16 V                              ; 4.73e-10 s                 ; 4.78e-10 s                 ; No                        ; Yes                       ;
; send.data[22] ; 2.5 V        ; 0 s                 ; 0 s                 ; 2.32 V                       ; 6.72e-08 V                   ; 2.4 V               ; -0.0409 V           ; 0.192 V                              ; 0.125 V                              ; 4.59e-10 s                  ; 4.54e-10 s                  ; No                         ; Yes                        ; 2.32 V                      ; 6.72e-08 V                  ; 2.4 V              ; -0.0409 V          ; 0.192 V                             ; 0.125 V                             ; 4.59e-10 s                 ; 4.54e-10 s                 ; No                        ; Yes                       ;
; send.data[23] ; 2.5 V        ; 0 s                 ; 0 s                 ; 2.32 V                       ; 6.72e-08 V                   ; 2.4 V               ; -0.0409 V           ; 0.192 V                              ; 0.125 V                              ; 4.59e-10 s                  ; 4.54e-10 s                  ; No                         ; Yes                        ; 2.32 V                      ; 6.72e-08 V                  ; 2.4 V              ; -0.0409 V          ; 0.192 V                             ; 0.125 V                             ; 4.59e-10 s                 ; 4.54e-10 s                 ; No                        ; Yes                       ;
; send.data[24] ; 2.5 V        ; 0 s                 ; 0 s                 ; 2.32 V                       ; 6.86e-08 V                   ; 2.4 V               ; -0.0326 V           ; 0.227 V                              ; 0.16 V                               ; 4.73e-10 s                  ; 4.78e-10 s                  ; No                         ; Yes                        ; 2.32 V                      ; 6.86e-08 V                  ; 2.4 V              ; -0.0326 V          ; 0.227 V                             ; 0.16 V                              ; 4.73e-10 s                 ; 4.78e-10 s                 ; No                        ; Yes                       ;
; send.data[25] ; 2.5 V        ; 0 s                 ; 0 s                 ; 2.32 V                       ; 6.72e-08 V                   ; 2.4 V               ; -0.0409 V           ; 0.192 V                              ; 0.125 V                              ; 4.59e-10 s                  ; 4.54e-10 s                  ; No                         ; Yes                        ; 2.32 V                      ; 6.72e-08 V                  ; 2.4 V              ; -0.0409 V          ; 0.192 V                             ; 0.125 V                             ; 4.59e-10 s                 ; 4.54e-10 s                 ; No                        ; Yes                       ;
; send.data[26] ; 2.5 V        ; 0 s                 ; 0 s                 ; 2.32 V                       ; 6.72e-08 V                   ; 2.4 V               ; -0.0409 V           ; 0.192 V                              ; 0.125 V                              ; 4.59e-10 s                  ; 4.54e-10 s                  ; No                         ; Yes                        ; 2.32 V                      ; 6.72e-08 V                  ; 2.4 V              ; -0.0409 V          ; 0.192 V                             ; 0.125 V                             ; 4.59e-10 s                 ; 4.54e-10 s                 ; No                        ; Yes                       ;
; send.data[27] ; 2.5 V        ; 0 s                 ; 0 s                 ; 2.32 V                       ; 5.91e-08 V                   ; 2.35 V              ; -0.0136 V           ; 0.17 V                               ; 0.118 V                              ; 4.69e-10 s                  ; 4.63e-10 s                  ; Yes                        ; Yes                        ; 2.32 V                      ; 5.91e-08 V                  ; 2.35 V             ; -0.0136 V          ; 0.17 V                              ; 0.118 V                             ; 4.69e-10 s                 ; 4.63e-10 s                 ; Yes                       ; Yes                       ;
; send.data[28] ; 2.5 V        ; 0 s                 ; 0 s                 ; 2.32 V                       ; 5.91e-08 V                   ; 2.35 V              ; -0.0136 V           ; 0.17 V                               ; 0.118 V                              ; 4.69e-10 s                  ; 4.63e-10 s                  ; Yes                        ; Yes                        ; 2.32 V                      ; 5.91e-08 V                  ; 2.35 V             ; -0.0136 V          ; 0.17 V                              ; 0.118 V                             ; 4.69e-10 s                 ; 4.63e-10 s                 ; Yes                       ; Yes                       ;
; send.data[29] ; 2.5 V        ; 0 s                 ; 0 s                 ; 2.32 V                       ; 6.72e-08 V                   ; 2.4 V               ; -0.0409 V           ; 0.192 V                              ; 0.125 V                              ; 4.59e-10 s                  ; 4.54e-10 s                  ; No                         ; Yes                        ; 2.32 V                      ; 6.72e-08 V                  ; 2.4 V              ; -0.0409 V          ; 0.192 V                             ; 0.125 V                             ; 4.59e-10 s                 ; 4.54e-10 s                 ; No                        ; Yes                       ;
; send.data[30] ; 2.5 V        ; 0 s                 ; 0 s                 ; 2.32 V                       ; 5.91e-08 V                   ; 2.35 V              ; -0.0136 V           ; 0.17 V                               ; 0.118 V                              ; 4.69e-10 s                  ; 4.63e-10 s                  ; Yes                        ; Yes                        ; 2.32 V                      ; 5.91e-08 V                  ; 2.35 V             ; -0.0136 V          ; 0.17 V                              ; 0.118 V                             ; 4.69e-10 s                 ; 4.63e-10 s                 ; Yes                       ; Yes                       ;
; send.data[31] ; 2.5 V        ; 0 s                 ; 0 s                 ; 2.32 V                       ; 5.91e-08 V                   ; 2.35 V              ; -0.0136 V           ; 0.17 V                               ; 0.118 V                              ; 4.69e-10 s                  ; 4.63e-10 s                  ; Yes                        ; Yes                        ; 2.32 V                      ; 5.91e-08 V                  ; 2.35 V             ; -0.0136 V          ; 0.17 V                              ; 0.118 V                             ; 4.69e-10 s                 ; 4.63e-10 s                 ; Yes                       ; Yes                       ;
; send.addr[0]  ; 2.5 V        ; 0 s                 ; 0 s                 ; 2.32 V                       ; 6.86e-08 V                   ; 2.4 V               ; -0.0326 V           ; 0.227 V                              ; 0.16 V                               ; 4.73e-10 s                  ; 4.78e-10 s                  ; No                         ; Yes                        ; 2.32 V                      ; 6.86e-08 V                  ; 2.4 V              ; -0.0326 V          ; 0.227 V                             ; 0.16 V                              ; 4.73e-10 s                 ; 4.78e-10 s                 ; No                        ; Yes                       ;
; send.addr[1]  ; 2.5 V        ; 0 s                 ; 0 s                 ; 2.32 V                       ; 6.86e-08 V                   ; 2.4 V               ; -0.0326 V           ; 0.227 V                              ; 0.16 V                               ; 4.73e-10 s                  ; 4.78e-10 s                  ; No                         ; Yes                        ; 2.32 V                      ; 6.86e-08 V                  ; 2.4 V              ; -0.0326 V          ; 0.227 V                             ; 0.16 V                              ; 4.73e-10 s                 ; 4.78e-10 s                 ; No                        ; Yes                       ;
; send.addr[2]  ; 2.5 V        ; 0 s                 ; 0 s                 ; 2.32 V                       ; 5.91e-08 V                   ; 2.35 V              ; -0.0136 V           ; 0.17 V                               ; 0.118 V                              ; 4.69e-10 s                  ; 4.63e-10 s                  ; Yes                        ; Yes                        ; 2.32 V                      ; 5.91e-08 V                  ; 2.35 V             ; -0.0136 V          ; 0.17 V                              ; 0.118 V                             ; 4.69e-10 s                 ; 4.63e-10 s                 ; Yes                       ; Yes                       ;
; send.addr[3]  ; 2.5 V        ; 0 s                 ; 0 s                 ; 2.32 V                       ; 6.72e-08 V                   ; 2.4 V               ; -0.0409 V           ; 0.192 V                              ; 0.125 V                              ; 4.59e-10 s                  ; 4.54e-10 s                  ; No                         ; Yes                        ; 2.32 V                      ; 6.72e-08 V                  ; 2.4 V              ; -0.0409 V          ; 0.192 V                             ; 0.125 V                             ; 4.59e-10 s                 ; 4.54e-10 s                 ; No                        ; Yes                       ;
; send.addr[4]  ; 2.5 V        ; 0 s                 ; 0 s                 ; 2.32 V                       ; 6.72e-08 V                   ; 2.4 V               ; -0.0409 V           ; 0.192 V                              ; 0.125 V                              ; 4.59e-10 s                  ; 4.54e-10 s                  ; No                         ; Yes                        ; 2.32 V                      ; 6.72e-08 V                  ; 2.4 V              ; -0.0409 V          ; 0.192 V                             ; 0.125 V                             ; 4.59e-10 s                 ; 4.54e-10 s                 ; No                        ; Yes                       ;
; send.addr[5]  ; 2.5 V        ; 0 s                 ; 0 s                 ; 2.32 V                       ; 6.86e-08 V                   ; 2.4 V               ; -0.0326 V           ; 0.227 V                              ; 0.16 V                               ; 4.73e-10 s                  ; 4.78e-10 s                  ; No                         ; Yes                        ; 2.32 V                      ; 6.86e-08 V                  ; 2.4 V              ; -0.0326 V          ; 0.227 V                             ; 0.16 V                              ; 4.73e-10 s                 ; 4.78e-10 s                 ; No                        ; Yes                       ;
; send.addr[6]  ; 2.5 V        ; 0 s                 ; 0 s                 ; 2.32 V                       ; 6.72e-08 V                   ; 2.4 V               ; -0.041 V            ; 0.19 V                               ; 0.126 V                              ; 4.59e-10 s                  ; 4.54e-10 s                  ; No                         ; Yes                        ; 2.32 V                      ; 6.72e-08 V                  ; 2.4 V              ; -0.041 V           ; 0.19 V                              ; 0.126 V                             ; 4.59e-10 s                 ; 4.54e-10 s                 ; No                        ; Yes                       ;
; send.addr[7]  ; 2.5 V        ; 0 s                 ; 0 s                 ; 2.32 V                       ; 6.72e-08 V                   ; 2.4 V               ; -0.0409 V           ; 0.192 V                              ; 0.125 V                              ; 4.59e-10 s                  ; 4.54e-10 s                  ; No                         ; Yes                        ; 2.32 V                      ; 6.72e-08 V                  ; 2.4 V              ; -0.0409 V          ; 0.192 V                             ; 0.125 V                             ; 4.59e-10 s                 ; 4.54e-10 s                 ; No                        ; Yes                       ;
+---------------+--------------+---------------------+---------------------+------------------------------+------------------------------+---------------------+---------------------+--------------------------------------+--------------------------------------+-----------------------------+-----------------------------+----------------------------+----------------------------+-----------------------------+-----------------------------+--------------------+--------------------+-------------------------------------+-------------------------------------+----------------------------+----------------------------+---------------------------+---------------------------+


+--------------------------------------------------------------------------------------------------------------------------------------------------------------------------------------------------------------------------------------------------------------------------------------------------------------------------------------------------------------------------------------------------------------------------------------------------------------------------------------------------------------------------------------------------------------------------------------------------------------------------------------------------------------------------------------------+
; Signal Integrity Metrics (Slow 1100mv 85c Model)                                                                                                                                                                                                                                                                                                                                                                                                                                                                                                                                                                                                                                           ;
+---------------+--------------+---------------------+---------------------+------------------------------+------------------------------+---------------------+---------------------+--------------------------------------+--------------------------------------+-----------------------------+-----------------------------+----------------------------+----------------------------+-----------------------------+-----------------------------+--------------------+--------------------+-------------------------------------+-------------------------------------+----------------------------+----------------------------+---------------------------+---------------------------+
; Pin           ; I/O Standard ; Board Delay on Rise ; Board Delay on Fall ; Steady State Voh at FPGA Pin ; Steady State Vol at FPGA Pin ; Voh Max at FPGA Pin ; Vol Min at FPGA Pin ; Ringback Voltage on Rise at FPGA Pin ; Ringback Voltage on Fall at FPGA Pin ; 10-90 Rise Time at FPGA Pin ; 90-10 Fall Time at FPGA Pin ; Monotonic Rise at FPGA Pin ; Monotonic Fall at FPGA Pin ; Steady State Voh at Far-end ; Steady State Vol at Far-end ; Voh Max at Far-end ; Vol Min at Far-end ; Ringback Voltage on Rise at Far-end ; Ringback Voltage on Fall at Far-end ; 10-90 Rise Time at Far-end ; 90-10 Fall Time at Far-end ; Monotonic Rise at Far-end ; Monotonic Fall at Far-end ;
+---------------+--------------+---------------------+---------------------+------------------------------+------------------------------+---------------------+---------------------+--------------------------------------+--------------------------------------+-----------------------------+-----------------------------+----------------------------+----------------------------+-----------------------------+-----------------------------+--------------------+--------------------+-------------------------------------+-------------------------------------+----------------------------+----------------------------+---------------------------+---------------------------+
; send.data[0]  ; 2.5 V        ; 0 s                 ; 0 s                 ; 2.32 V                       ; 1.04e-05 V                   ; 2.38 V              ; -0.0273 V           ; 0.226 V                              ; 0.08 V                               ; 4.84e-10 s                  ; 5.19e-10 s                  ; No                         ; Yes                        ; 2.32 V                      ; 1.04e-05 V                  ; 2.38 V             ; -0.0273 V          ; 0.226 V                             ; 0.08 V                              ; 4.84e-10 s                 ; 5.19e-10 s                 ; No                        ; Yes                       ;
; send.data[1]  ; 2.5 V        ; 0 s                 ; 0 s                 ; 2.32 V                       ; 1.04e-05 V                   ; 2.38 V              ; -0.0273 V           ; 0.226 V                              ; 0.08 V                               ; 4.84e-10 s                  ; 5.19e-10 s                  ; No                         ; Yes                        ; 2.32 V                      ; 1.04e-05 V                  ; 2.38 V             ; -0.0273 V          ; 0.226 V                             ; 0.08 V                              ; 4.84e-10 s                 ; 5.19e-10 s                 ; No                        ; Yes                       ;
; send.data[2]  ; 2.5 V        ; 0 s                 ; 0 s                 ; 2.32 V                       ; 9.38e-06 V                   ; 2.34 V              ; -0.00733 V          ; 0.234 V                              ; 0.071 V                              ; 5.36e-10 s                  ; 5.75e-10 s                  ; No                         ; Yes                        ; 2.32 V                      ; 9.38e-06 V                  ; 2.34 V             ; -0.00733 V         ; 0.234 V                             ; 0.071 V                             ; 5.36e-10 s                 ; 5.75e-10 s                 ; No                        ; Yes                       ;
; send.data[3]  ; 2.5 V        ; 0 s                 ; 0 s                 ; 2.32 V                       ; 9.38e-06 V                   ; 2.34 V              ; -0.00733 V          ; 0.234 V                              ; 0.071 V                              ; 5.36e-10 s                  ; 5.75e-10 s                  ; No                         ; Yes                        ; 2.32 V                      ; 9.38e-06 V                  ; 2.34 V             ; -0.00733 V         ; 0.234 V                             ; 0.071 V                             ; 5.36e-10 s                 ; 5.75e-10 s                 ; No                        ; Yes                       ;
; send.data[4]  ; 2.5 V        ; 0 s                 ; 0 s                 ; 2.32 V                       ; 9.38e-06 V                   ; 2.34 V              ; -0.00733 V          ; 0.234 V                              ; 0.071 V                              ; 5.36e-10 s                  ; 5.75e-10 s                  ; No                         ; Yes                        ; 2.32 V                      ; 9.38e-06 V                  ; 2.34 V             ; -0.00733 V         ; 0.234 V                             ; 0.071 V                             ; 5.36e-10 s                 ; 5.75e-10 s                 ; No                        ; Yes                       ;
; send.data[5]  ; 2.5 V        ; 0 s                 ; 0 s                 ; 2.32 V                       ; 1.04e-05 V                   ; 2.38 V              ; -0.027 V            ; 0.226 V                              ; 0.08 V                               ; 4.84e-10 s                  ; 5.18e-10 s                  ; No                         ; Yes                        ; 2.32 V                      ; 1.04e-05 V                  ; 2.38 V             ; -0.027 V           ; 0.226 V                             ; 0.08 V                              ; 4.84e-10 s                 ; 5.18e-10 s                 ; No                        ; Yes                       ;
; send.data[6]  ; 2.5 V        ; 0 s                 ; 0 s                 ; 2.32 V                       ; 1.04e-05 V                   ; 2.38 V              ; -0.0273 V           ; 0.226 V                              ; 0.08 V                               ; 4.84e-10 s                  ; 5.19e-10 s                  ; No                         ; Yes                        ; 2.32 V                      ; 1.04e-05 V                  ; 2.38 V             ; -0.0273 V          ; 0.226 V                             ; 0.08 V                              ; 4.84e-10 s                 ; 5.19e-10 s                 ; No                        ; Yes                       ;
; send.data[7]  ; 2.5 V        ; 0 s                 ; 0 s                 ; 2.32 V                       ; 9.38e-06 V                   ; 2.34 V              ; -0.00733 V          ; 0.234 V                              ; 0.071 V                              ; 5.36e-10 s                  ; 5.75e-10 s                  ; No                         ; Yes                        ; 2.32 V                      ; 9.38e-06 V                  ; 2.34 V             ; -0.00733 V         ; 0.234 V                             ; 0.071 V                             ; 5.36e-10 s                 ; 5.75e-10 s                 ; No                        ; Yes                       ;
; send.data[8]  ; 2.5 V        ; 0 s                 ; 0 s                 ; 2.32 V                       ; 1.04e-05 V                   ; 2.38 V              ; -0.0273 V           ; 0.226 V                              ; 0.08 V                               ; 4.84e-10 s                  ; 5.19e-10 s                  ; No                         ; Yes                        ; 2.32 V                      ; 1.04e-05 V                  ; 2.38 V             ; -0.0273 V          ; 0.226 V                             ; 0.08 V                              ; 4.84e-10 s                 ; 5.19e-10 s                 ; No                        ; Yes                       ;
; send.data[9]  ; 2.5 V        ; 0 s                 ; 0 s                 ; 2.32 V                       ; 1.04e-05 V                   ; 2.38 V              ; -0.0273 V           ; 0.226 V                              ; 0.08 V                               ; 4.84e-10 s                  ; 5.19e-10 s                  ; No                         ; Yes                        ; 2.32 V                      ; 1.04e-05 V                  ; 2.38 V             ; -0.0273 V          ; 0.226 V                             ; 0.08 V                              ; 4.84e-10 s                 ; 5.19e-10 s                 ; No                        ; Yes                       ;
; send.data[10] ; 2.5 V        ; 0 s                 ; 0 s                 ; 2.32 V                       ; 1.05e-05 V                   ; 2.37 V              ; -0.0225 V           ; 0.277 V                              ; 0.104 V                              ; 5.22e-10 s                  ; 6.28e-10 s                  ; No                         ; Yes                        ; 2.32 V                      ; 1.05e-05 V                  ; 2.37 V             ; -0.0225 V          ; 0.277 V                             ; 0.104 V                             ; 5.22e-10 s                 ; 6.28e-10 s                 ; No                        ; Yes                       ;
; send.data[11] ; 2.5 V        ; 0 s                 ; 0 s                 ; 2.32 V                       ; 1.04e-05 V                   ; 2.38 V              ; -0.0273 V           ; 0.226 V                              ; 0.08 V                               ; 4.84e-10 s                  ; 5.19e-10 s                  ; No                         ; Yes                        ; 2.32 V                      ; 1.04e-05 V                  ; 2.38 V             ; -0.0273 V          ; 0.226 V                             ; 0.08 V                              ; 4.84e-10 s                 ; 5.19e-10 s                 ; No                        ; Yes                       ;
; send.data[12] ; 2.5 V        ; 0 s                 ; 0 s                 ; 2.32 V                       ; 1.05e-05 V                   ; 2.37 V              ; -0.0225 V           ; 0.277 V                              ; 0.104 V                              ; 5.22e-10 s                  ; 6.28e-10 s                  ; No                         ; Yes                        ; 2.32 V                      ; 1.05e-05 V                  ; 2.37 V             ; -0.0225 V          ; 0.277 V                             ; 0.104 V                             ; 5.22e-10 s                 ; 6.28e-10 s                 ; No                        ; Yes                       ;
; send.data[13] ; 2.5 V        ; 0 s                 ; 0 s                 ; 2.32 V                       ; 1.04e-05 V                   ; 2.38 V              ; -0.027 V            ; 0.226 V                              ; 0.08 V                               ; 4.84e-10 s                  ; 5.18e-10 s                  ; No                         ; Yes                        ; 2.32 V                      ; 1.04e-05 V                  ; 2.38 V             ; -0.027 V           ; 0.226 V                             ; 0.08 V                              ; 4.84e-10 s                 ; 5.18e-10 s                 ; No                        ; Yes                       ;
; send.data[14] ; 2.5 V        ; 0 s                 ; 0 s                 ; 2.32 V                       ; 9.38e-06 V                   ; 2.34 V              ; -0.00733 V          ; 0.234 V                              ; 0.071 V                              ; 5.36e-10 s                  ; 5.75e-10 s                  ; No                         ; Yes                        ; 2.32 V                      ; 9.38e-06 V                  ; 2.34 V             ; -0.00733 V         ; 0.234 V                             ; 0.071 V                             ; 5.36e-10 s                 ; 5.75e-10 s                 ; No                        ; Yes                       ;
; send.data[15] ; 2.5 V        ; 0 s                 ; 0 s                 ; 2.32 V                       ; 1.04e-05 V                   ; 2.38 V              ; -0.027 V            ; 0.226 V                              ; 0.08 V                               ; 4.84e-10 s                  ; 5.18e-10 s                  ; No                         ; Yes                        ; 2.32 V                      ; 1.04e-05 V                  ; 2.38 V             ; -0.027 V           ; 0.226 V                             ; 0.08 V                              ; 4.84e-10 s                 ; 5.18e-10 s                 ; No                        ; Yes                       ;
; send.data[16] ; 2.5 V        ; 0 s                 ; 0 s                 ; 2.32 V                       ; 1.04e-05 V                   ; 2.38 V              ; -0.027 V            ; 0.226 V                              ; 0.08 V                               ; 4.84e-10 s                  ; 5.18e-10 s                  ; No                         ; Yes                        ; 2.32 V                      ; 1.04e-05 V                  ; 2.38 V             ; -0.027 V           ; 0.226 V                             ; 0.08 V                              ; 4.84e-10 s                 ; 5.18e-10 s                 ; No                        ; Yes                       ;
; send.data[17] ; 2.5 V        ; 0 s                 ; 0 s                 ; 2.32 V                       ; 9.38e-06 V                   ; 2.34 V              ; -0.00733 V          ; 0.234 V                              ; 0.071 V                              ; 5.36e-10 s                  ; 5.75e-10 s                  ; No                         ; Yes                        ; 2.32 V                      ; 9.38e-06 V                  ; 2.34 V             ; -0.00733 V         ; 0.234 V                             ; 0.071 V                             ; 5.36e-10 s                 ; 5.75e-10 s                 ; No                        ; Yes                       ;
; send.data[18] ; 2.5 V        ; 0 s                 ; 0 s                 ; 2.32 V                       ; 1.05e-05 V                   ; 2.37 V              ; -0.0225 V           ; 0.277 V                              ; 0.104 V                              ; 5.22e-10 s                  ; 6.28e-10 s                  ; No                         ; Yes                        ; 2.32 V                      ; 1.05e-05 V                  ; 2.37 V             ; -0.0225 V          ; 0.277 V                             ; 0.104 V                             ; 5.22e-10 s                 ; 6.28e-10 s                 ; No                        ; Yes                       ;
; send.data[19] ; 2.5 V        ; 0 s                 ; 0 s                 ; 2.32 V                       ; 9.38e-06 V                   ; 2.34 V              ; -0.00733 V          ; 0.234 V                              ; 0.071 V                              ; 5.36e-10 s                  ; 5.75e-10 s                  ; No                         ; Yes                        ; 2.32 V                      ; 9.38e-06 V                  ; 2.34 V             ; -0.00733 V         ; 0.234 V                             ; 0.071 V                             ; 5.36e-10 s                 ; 5.75e-10 s                 ; No                        ; Yes                       ;
; send.data[20] ; 2.5 V        ; 0 s                 ; 0 s                 ; 2.32 V                       ; 9.38e-06 V                   ; 2.34 V              ; -0.00733 V          ; 0.234 V                              ; 0.071 V                              ; 5.36e-10 s                  ; 5.75e-10 s                  ; No                         ; Yes                        ; 2.32 V                      ; 9.38e-06 V                  ; 2.34 V             ; -0.00733 V         ; 0.234 V                             ; 0.071 V                             ; 5.36e-10 s                 ; 5.75e-10 s                 ; No                        ; Yes                       ;
; send.data[21] ; 2.5 V        ; 0 s                 ; 0 s                 ; 2.32 V                       ; 1.05e-05 V                   ; 2.37 V              ; -0.0225 V           ; 0.277 V                              ; 0.104 V                              ; 5.22e-10 s                  ; 6.28e-10 s                  ; No                         ; Yes                        ; 2.32 V                      ; 1.05e-05 V                  ; 2.37 V             ; -0.0225 V          ; 0.277 V                             ; 0.104 V                             ; 5.22e-10 s                 ; 6.28e-10 s                 ; No                        ; Yes                       ;
; send.data[22] ; 2.5 V        ; 0 s                 ; 0 s                 ; 2.32 V                       ; 1.04e-05 V                   ; 2.38 V              ; -0.027 V            ; 0.226 V                              ; 0.08 V                               ; 4.84e-10 s                  ; 5.18e-10 s                  ; No                         ; Yes                        ; 2.32 V                      ; 1.04e-05 V                  ; 2.38 V             ; -0.027 V           ; 0.226 V                             ; 0.08 V                              ; 4.84e-10 s                 ; 5.18e-10 s                 ; No                        ; Yes                       ;
; send.data[23] ; 2.5 V        ; 0 s                 ; 0 s                 ; 2.32 V                       ; 1.04e-05 V                   ; 2.38 V              ; -0.027 V            ; 0.226 V                              ; 0.08 V                               ; 4.84e-10 s                  ; 5.18e-10 s                  ; No                         ; Yes                        ; 2.32 V                      ; 1.04e-05 V                  ; 2.38 V             ; -0.027 V           ; 0.226 V                             ; 0.08 V                              ; 4.84e-10 s                 ; 5.18e-10 s                 ; No                        ; Yes                       ;
; send.data[24] ; 2.5 V        ; 0 s                 ; 0 s                 ; 2.32 V                       ; 1.05e-05 V                   ; 2.37 V              ; -0.0225 V           ; 0.277 V                              ; 0.104 V                              ; 5.22e-10 s                  ; 6.28e-10 s                  ; No                         ; Yes                        ; 2.32 V                      ; 1.05e-05 V                  ; 2.37 V             ; -0.0225 V          ; 0.277 V                             ; 0.104 V                             ; 5.22e-10 s                 ; 6.28e-10 s                 ; No                        ; Yes                       ;
; send.data[25] ; 2.5 V        ; 0 s                 ; 0 s                 ; 2.32 V                       ; 1.04e-05 V                   ; 2.38 V              ; -0.027 V            ; 0.226 V                              ; 0.08 V                               ; 4.84e-10 s                  ; 5.18e-10 s                  ; No                         ; Yes                        ; 2.32 V                      ; 1.04e-05 V                  ; 2.38 V             ; -0.027 V           ; 0.226 V                             ; 0.08 V                              ; 4.84e-10 s                 ; 5.18e-10 s                 ; No                        ; Yes                       ;
; send.data[26] ; 2.5 V        ; 0 s                 ; 0 s                 ; 2.32 V                       ; 1.04e-05 V                   ; 2.38 V              ; -0.027 V            ; 0.226 V                              ; 0.08 V                               ; 4.84e-10 s                  ; 5.18e-10 s                  ; No                         ; Yes                        ; 2.32 V                      ; 1.04e-05 V                  ; 2.38 V             ; -0.027 V           ; 0.226 V                             ; 0.08 V                              ; 4.84e-10 s                 ; 5.18e-10 s                 ; No                        ; Yes                       ;
; send.data[27] ; 2.5 V        ; 0 s                 ; 0 s                 ; 2.32 V                       ; 9.38e-06 V                   ; 2.34 V              ; -0.00733 V          ; 0.234 V                              ; 0.071 V                              ; 5.36e-10 s                  ; 5.75e-10 s                  ; No                         ; Yes                        ; 2.32 V                      ; 9.38e-06 V                  ; 2.34 V             ; -0.00733 V         ; 0.234 V                             ; 0.071 V                             ; 5.36e-10 s                 ; 5.75e-10 s                 ; No                        ; Yes                       ;
; send.data[28] ; 2.5 V        ; 0 s                 ; 0 s                 ; 2.32 V                       ; 9.38e-06 V                   ; 2.34 V              ; -0.00733 V          ; 0.234 V                              ; 0.071 V                              ; 5.36e-10 s                  ; 5.75e-10 s                  ; No                         ; Yes                        ; 2.32 V                      ; 9.38e-06 V                  ; 2.34 V             ; -0.00733 V         ; 0.234 V                             ; 0.071 V                             ; 5.36e-10 s                 ; 5.75e-10 s                 ; No                        ; Yes                       ;
; send.data[29] ; 2.5 V        ; 0 s                 ; 0 s                 ; 2.32 V                       ; 1.04e-05 V                   ; 2.38 V              ; -0.027 V            ; 0.226 V                              ; 0.08 V                               ; 4.84e-10 s                  ; 5.18e-10 s                  ; No                         ; Yes                        ; 2.32 V                      ; 1.04e-05 V                  ; 2.38 V             ; -0.027 V           ; 0.226 V                             ; 0.08 V                              ; 4.84e-10 s                 ; 5.18e-10 s                 ; No                        ; Yes                       ;
; send.data[30] ; 2.5 V        ; 0 s                 ; 0 s                 ; 2.32 V                       ; 9.38e-06 V                   ; 2.34 V              ; -0.00733 V          ; 0.234 V                              ; 0.071 V                              ; 5.36e-10 s                  ; 5.75e-10 s                  ; No                         ; Yes                        ; 2.32 V                      ; 9.38e-06 V                  ; 2.34 V             ; -0.00733 V         ; 0.234 V                             ; 0.071 V                             ; 5.36e-10 s                 ; 5.75e-10 s                 ; No                        ; Yes                       ;
; send.data[31] ; 2.5 V        ; 0 s                 ; 0 s                 ; 2.32 V                       ; 9.38e-06 V                   ; 2.34 V              ; -0.00733 V          ; 0.234 V                              ; 0.071 V                              ; 5.36e-10 s                  ; 5.75e-10 s                  ; No                         ; Yes                        ; 2.32 V                      ; 9.38e-06 V                  ; 2.34 V             ; -0.00733 V         ; 0.234 V                             ; 0.071 V                             ; 5.36e-10 s                 ; 5.75e-10 s                 ; No                        ; Yes                       ;
; send.addr[0]  ; 2.5 V        ; 0 s                 ; 0 s                 ; 2.32 V                       ; 1.05e-05 V                   ; 2.37 V              ; -0.0225 V           ; 0.277 V                              ; 0.104 V                              ; 5.22e-10 s                  ; 6.28e-10 s                  ; No                         ; Yes                        ; 2.32 V                      ; 1.05e-05 V                  ; 2.37 V             ; -0.0225 V          ; 0.277 V                             ; 0.104 V                             ; 5.22e-10 s                 ; 6.28e-10 s                 ; No                        ; Yes                       ;
; send.addr[1]  ; 2.5 V        ; 0 s                 ; 0 s                 ; 2.32 V                       ; 1.05e-05 V                   ; 2.37 V              ; -0.0225 V           ; 0.277 V                              ; 0.104 V                              ; 5.22e-10 s                  ; 6.28e-10 s                  ; No                         ; Yes                        ; 2.32 V                      ; 1.05e-05 V                  ; 2.37 V             ; -0.0225 V          ; 0.277 V                             ; 0.104 V                             ; 5.22e-10 s                 ; 6.28e-10 s                 ; No                        ; Yes                       ;
; send.addr[2]  ; 2.5 V        ; 0 s                 ; 0 s                 ; 2.32 V                       ; 9.38e-06 V                   ; 2.34 V              ; -0.00733 V          ; 0.234 V                              ; 0.071 V                              ; 5.36e-10 s                  ; 5.75e-10 s                  ; No                         ; Yes                        ; 2.32 V                      ; 9.38e-06 V                  ; 2.34 V             ; -0.00733 V         ; 0.234 V                             ; 0.071 V                             ; 5.36e-10 s                 ; 5.75e-10 s                 ; No                        ; Yes                       ;
; send.addr[3]  ; 2.5 V        ; 0 s                 ; 0 s                 ; 2.32 V                       ; 1.04e-05 V                   ; 2.38 V              ; -0.027 V            ; 0.226 V                              ; 0.08 V                               ; 4.84e-10 s                  ; 5.18e-10 s                  ; No                         ; Yes                        ; 2.32 V                      ; 1.04e-05 V                  ; 2.38 V             ; -0.027 V           ; 0.226 V                             ; 0.08 V                              ; 4.84e-10 s                 ; 5.18e-10 s                 ; No                        ; Yes                       ;
; send.addr[4]  ; 2.5 V        ; 0 s                 ; 0 s                 ; 2.32 V                       ; 1.04e-05 V                   ; 2.38 V              ; -0.027 V            ; 0.226 V                              ; 0.08 V                               ; 4.84e-10 s                  ; 5.18e-10 s                  ; No                         ; Yes                        ; 2.32 V                      ; 1.04e-05 V                  ; 2.38 V             ; -0.027 V           ; 0.226 V                             ; 0.08 V                              ; 4.84e-10 s                 ; 5.18e-10 s                 ; No                        ; Yes                       ;
; send.addr[5]  ; 2.5 V        ; 0 s                 ; 0 s                 ; 2.32 V                       ; 1.05e-05 V                   ; 2.37 V              ; -0.0225 V           ; 0.277 V                              ; 0.104 V                              ; 5.22e-10 s                  ; 6.28e-10 s                  ; No                         ; Yes                        ; 2.32 V                      ; 1.05e-05 V                  ; 2.37 V             ; -0.0225 V          ; 0.277 V                             ; 0.104 V                             ; 5.22e-10 s                 ; 6.28e-10 s                 ; No                        ; Yes                       ;
; send.addr[6]  ; 2.5 V        ; 0 s                 ; 0 s                 ; 2.32 V                       ; 1.04e-05 V                   ; 2.38 V              ; -0.0273 V           ; 0.226 V                              ; 0.08 V                               ; 4.84e-10 s                  ; 5.19e-10 s                  ; No                         ; Yes                        ; 2.32 V                      ; 1.04e-05 V                  ; 2.38 V             ; -0.0273 V          ; 0.226 V                             ; 0.08 V                              ; 4.84e-10 s                 ; 5.19e-10 s                 ; No                        ; Yes                       ;
; send.addr[7]  ; 2.5 V        ; 0 s                 ; 0 s                 ; 2.32 V                       ; 1.04e-05 V                   ; 2.38 V              ; -0.027 V            ; 0.226 V                              ; 0.08 V                               ; 4.84e-10 s                  ; 5.18e-10 s                  ; No                         ; Yes                        ; 2.32 V                      ; 1.04e-05 V                  ; 2.38 V             ; -0.027 V           ; 0.226 V                             ; 0.08 V                              ; 4.84e-10 s                 ; 5.18e-10 s                 ; No                        ; Yes                       ;
+---------------+--------------+---------------------+---------------------+------------------------------+------------------------------+---------------------+---------------------+--------------------------------------+--------------------------------------+-----------------------------+-----------------------------+----------------------------+----------------------------+-----------------------------+-----------------------------+--------------------+--------------------+-------------------------------------+-------------------------------------+----------------------------+----------------------------+---------------------------+---------------------------+


+--------------------------------------------------------------------------------------------------------------------------------------------------------------------------------------------------------------------------------------------------------------------------------------------------------------------------------------------------------------------------------------------------------------------------------------------------------------------------------------------------------------------------------------------------------------------------------------------------------------------------------------------------------------------------------------------+
; Signal Integrity Metrics (Fast 1100mv 0c Model)                                                                                                                                                                                                                                                                                                                                                                                                                                                                                                                                                                                                                                            ;
+---------------+--------------+---------------------+---------------------+------------------------------+------------------------------+---------------------+---------------------+--------------------------------------+--------------------------------------+-----------------------------+-----------------------------+----------------------------+----------------------------+-----------------------------+-----------------------------+--------------------+--------------------+-------------------------------------+-------------------------------------+----------------------------+----------------------------+---------------------------+---------------------------+
; Pin           ; I/O Standard ; Board Delay on Rise ; Board Delay on Fall ; Steady State Voh at FPGA Pin ; Steady State Vol at FPGA Pin ; Voh Max at FPGA Pin ; Vol Min at FPGA Pin ; Ringback Voltage on Rise at FPGA Pin ; Ringback Voltage on Fall at FPGA Pin ; 10-90 Rise Time at FPGA Pin ; 90-10 Fall Time at FPGA Pin ; Monotonic Rise at FPGA Pin ; Monotonic Fall at FPGA Pin ; Steady State Voh at Far-end ; Steady State Vol at Far-end ; Voh Max at Far-end ; Vol Min at Far-end ; Ringback Voltage on Rise at Far-end ; Ringback Voltage on Fall at Far-end ; 10-90 Rise Time at Far-end ; 90-10 Fall Time at Far-end ; Monotonic Rise at Far-end ; Monotonic Fall at Far-end ;
+---------------+--------------+---------------------+---------------------+------------------------------+------------------------------+---------------------+---------------------+--------------------------------------+--------------------------------------+-----------------------------+-----------------------------+----------------------------+----------------------------+-----------------------------+-----------------------------+--------------------+--------------------+-------------------------------------+-------------------------------------+----------------------------+----------------------------+---------------------------+---------------------------+
; send.data[0]  ; 2.5 V        ; 0 s                 ; 0 s                 ; 2.75 V                       ; 4.14e-06 V                   ; 2.91 V              ; -0.119 V            ; 0.326 V                              ; 0.298 V                              ; 2.74e-10 s                  ; 2.8e-10 s                   ; No                         ; No                         ; 2.75 V                      ; 4.14e-06 V                  ; 2.91 V             ; -0.119 V           ; 0.326 V                             ; 0.298 V                             ; 2.74e-10 s                 ; 2.8e-10 s                  ; No                        ; No                        ;
; send.data[1]  ; 2.5 V        ; 0 s                 ; 0 s                 ; 2.75 V                       ; 4.14e-06 V                   ; 2.91 V              ; -0.119 V            ; 0.326 V                              ; 0.298 V                              ; 2.74e-10 s                  ; 2.8e-10 s                   ; No                         ; No                         ; 2.75 V                      ; 4.14e-06 V                  ; 2.91 V             ; -0.119 V           ; 0.326 V                             ; 0.298 V                             ; 2.74e-10 s                 ; 2.8e-10 s                  ; No                        ; No                        ;
; send.data[2]  ; 2.5 V        ; 0 s                 ; 0 s                 ; 2.75 V                       ; 3.54e-06 V                   ; 2.81 V              ; -0.0578 V           ; 0.303 V                              ; 0.28 V                               ; 2.93e-10 s                  ; 3.01e-10 s                  ; No                         ; No                         ; 2.75 V                      ; 3.54e-06 V                  ; 2.81 V             ; -0.0578 V          ; 0.303 V                             ; 0.28 V                              ; 2.93e-10 s                 ; 3.01e-10 s                 ; No                        ; No                        ;
; send.data[3]  ; 2.5 V        ; 0 s                 ; 0 s                 ; 2.75 V                       ; 3.54e-06 V                   ; 2.81 V              ; -0.0578 V           ; 0.303 V                              ; 0.28 V                               ; 2.93e-10 s                  ; 3.01e-10 s                  ; No                         ; No                         ; 2.75 V                      ; 3.54e-06 V                  ; 2.81 V             ; -0.0578 V          ; 0.303 V                             ; 0.28 V                              ; 2.93e-10 s                 ; 3.01e-10 s                 ; No                        ; No                        ;
; send.data[4]  ; 2.5 V        ; 0 s                 ; 0 s                 ; 2.75 V                       ; 3.54e-06 V                   ; 2.81 V              ; -0.0578 V           ; 0.303 V                              ; 0.28 V                               ; 2.93e-10 s                  ; 3.01e-10 s                  ; No                         ; No                         ; 2.75 V                      ; 3.54e-06 V                  ; 2.81 V             ; -0.0578 V          ; 0.303 V                             ; 0.28 V                              ; 2.93e-10 s                 ; 3.01e-10 s                 ; No                        ; No                        ;
; send.data[5]  ; 2.5 V        ; 0 s                 ; 0 s                 ; 2.75 V                       ; 4.14e-06 V                   ; 2.91 V              ; -0.121 V            ; 0.326 V                              ; 0.297 V                              ; 2.74e-10 s                  ; 2.8e-10 s                   ; No                         ; No                         ; 2.75 V                      ; 4.14e-06 V                  ; 2.91 V             ; -0.121 V           ; 0.326 V                             ; 0.297 V                             ; 2.74e-10 s                 ; 2.8e-10 s                  ; No                        ; No                        ;
; send.data[6]  ; 2.5 V        ; 0 s                 ; 0 s                 ; 2.75 V                       ; 4.14e-06 V                   ; 2.91 V              ; -0.119 V            ; 0.326 V                              ; 0.298 V                              ; 2.74e-10 s                  ; 2.8e-10 s                   ; No                         ; No                         ; 2.75 V                      ; 4.14e-06 V                  ; 2.91 V             ; -0.119 V           ; 0.326 V                             ; 0.298 V                             ; 2.74e-10 s                 ; 2.8e-10 s                  ; No                        ; No                        ;
; send.data[7]  ; 2.5 V        ; 0 s                 ; 0 s                 ; 2.75 V                       ; 3.54e-06 V                   ; 2.81 V              ; -0.0578 V           ; 0.303 V                              ; 0.28 V                               ; 2.93e-10 s                  ; 3.01e-10 s                  ; No                         ; No                         ; 2.75 V                      ; 3.54e-06 V                  ; 2.81 V             ; -0.0578 V          ; 0.303 V                             ; 0.28 V                              ; 2.93e-10 s                 ; 3.01e-10 s                 ; No                        ; No                        ;
; send.data[8]  ; 2.5 V        ; 0 s                 ; 0 s                 ; 2.75 V                       ; 4.14e-06 V                   ; 2.91 V              ; -0.119 V            ; 0.326 V                              ; 0.298 V                              ; 2.74e-10 s                  ; 2.8e-10 s                   ; No                         ; No                         ; 2.75 V                      ; 4.14e-06 V                  ; 2.91 V             ; -0.119 V           ; 0.326 V                             ; 0.298 V                             ; 2.74e-10 s                 ; 2.8e-10 s                  ; No                        ; No                        ;
; send.data[9]  ; 2.5 V        ; 0 s                 ; 0 s                 ; 2.75 V                       ; 4.14e-06 V                   ; 2.91 V              ; -0.119 V            ; 0.326 V                              ; 0.298 V                              ; 2.74e-10 s                  ; 2.8e-10 s                   ; No                         ; No                         ; 2.75 V                      ; 4.14e-06 V                  ; 2.91 V             ; -0.119 V           ; 0.326 V                             ; 0.298 V                             ; 2.74e-10 s                 ; 2.8e-10 s                  ; No                        ; No                        ;
; send.data[10] ; 2.5 V        ; 0 s                 ; 0 s                 ; 2.75 V                       ; 4.25e-06 V                   ; 2.9 V               ; -0.107 V            ; 0.378 V                              ; 0.16 V                               ; 2.87e-10 s                  ; 4.28e-10 s                  ; No                         ; No                         ; 2.75 V                      ; 4.25e-06 V                  ; 2.9 V              ; -0.107 V           ; 0.378 V                             ; 0.16 V                              ; 2.87e-10 s                 ; 4.28e-10 s                 ; No                        ; No                        ;
; send.data[11] ; 2.5 V        ; 0 s                 ; 0 s                 ; 2.75 V                       ; 4.14e-06 V                   ; 2.91 V              ; -0.119 V            ; 0.326 V                              ; 0.298 V                              ; 2.74e-10 s                  ; 2.8e-10 s                   ; No                         ; No                         ; 2.75 V                      ; 4.14e-06 V                  ; 2.91 V             ; -0.119 V           ; 0.326 V                             ; 0.298 V                             ; 2.74e-10 s                 ; 2.8e-10 s                  ; No                        ; No                        ;
; send.data[12] ; 2.5 V        ; 0 s                 ; 0 s                 ; 2.75 V                       ; 4.25e-06 V                   ; 2.9 V               ; -0.107 V            ; 0.378 V                              ; 0.16 V                               ; 2.87e-10 s                  ; 4.28e-10 s                  ; No                         ; No                         ; 2.75 V                      ; 4.25e-06 V                  ; 2.9 V              ; -0.107 V           ; 0.378 V                             ; 0.16 V                              ; 2.87e-10 s                 ; 4.28e-10 s                 ; No                        ; No                        ;
; send.data[13] ; 2.5 V        ; 0 s                 ; 0 s                 ; 2.75 V                       ; 4.14e-06 V                   ; 2.91 V              ; -0.121 V            ; 0.326 V                              ; 0.297 V                              ; 2.74e-10 s                  ; 2.8e-10 s                   ; No                         ; No                         ; 2.75 V                      ; 4.14e-06 V                  ; 2.91 V             ; -0.121 V           ; 0.326 V                             ; 0.297 V                             ; 2.74e-10 s                 ; 2.8e-10 s                  ; No                        ; No                        ;
; send.data[14] ; 2.5 V        ; 0 s                 ; 0 s                 ; 2.75 V                       ; 3.54e-06 V                   ; 2.81 V              ; -0.0578 V           ; 0.303 V                              ; 0.28 V                               ; 2.93e-10 s                  ; 3.01e-10 s                  ; No                         ; No                         ; 2.75 V                      ; 3.54e-06 V                  ; 2.81 V             ; -0.0578 V          ; 0.303 V                             ; 0.28 V                              ; 2.93e-10 s                 ; 3.01e-10 s                 ; No                        ; No                        ;
; send.data[15] ; 2.5 V        ; 0 s                 ; 0 s                 ; 2.75 V                       ; 4.14e-06 V                   ; 2.91 V              ; -0.121 V            ; 0.326 V                              ; 0.297 V                              ; 2.74e-10 s                  ; 2.8e-10 s                   ; No                         ; No                         ; 2.75 V                      ; 4.14e-06 V                  ; 2.91 V             ; -0.121 V           ; 0.326 V                             ; 0.297 V                             ; 2.74e-10 s                 ; 2.8e-10 s                  ; No                        ; No                        ;
; send.data[16] ; 2.5 V        ; 0 s                 ; 0 s                 ; 2.75 V                       ; 4.14e-06 V                   ; 2.91 V              ; -0.121 V            ; 0.326 V                              ; 0.297 V                              ; 2.74e-10 s                  ; 2.8e-10 s                   ; No                         ; No                         ; 2.75 V                      ; 4.14e-06 V                  ; 2.91 V             ; -0.121 V           ; 0.326 V                             ; 0.297 V                             ; 2.74e-10 s                 ; 2.8e-10 s                  ; No                        ; No                        ;
; send.data[17] ; 2.5 V        ; 0 s                 ; 0 s                 ; 2.75 V                       ; 3.54e-06 V                   ; 2.81 V              ; -0.0578 V           ; 0.303 V                              ; 0.28 V                               ; 2.93e-10 s                  ; 3.01e-10 s                  ; No                         ; No                         ; 2.75 V                      ; 3.54e-06 V                  ; 2.81 V             ; -0.0578 V          ; 0.303 V                             ; 0.28 V                              ; 2.93e-10 s                 ; 3.01e-10 s                 ; No                        ; No                        ;
; send.data[18] ; 2.5 V        ; 0 s                 ; 0 s                 ; 2.75 V                       ; 4.25e-06 V                   ; 2.9 V               ; -0.107 V            ; 0.378 V                              ; 0.16 V                               ; 2.87e-10 s                  ; 4.28e-10 s                  ; No                         ; No                         ; 2.75 V                      ; 4.25e-06 V                  ; 2.9 V              ; -0.107 V           ; 0.378 V                             ; 0.16 V                              ; 2.87e-10 s                 ; 4.28e-10 s                 ; No                        ; No                        ;
; send.data[19] ; 2.5 V        ; 0 s                 ; 0 s                 ; 2.75 V                       ; 3.54e-06 V                   ; 2.81 V              ; -0.0578 V           ; 0.303 V                              ; 0.28 V                               ; 2.93e-10 s                  ; 3.01e-10 s                  ; No                         ; No                         ; 2.75 V                      ; 3.54e-06 V                  ; 2.81 V             ; -0.0578 V          ; 0.303 V                             ; 0.28 V                              ; 2.93e-10 s                 ; 3.01e-10 s                 ; No                        ; No                        ;
; send.data[20] ; 2.5 V        ; 0 s                 ; 0 s                 ; 2.75 V                       ; 3.54e-06 V                   ; 2.81 V              ; -0.0578 V           ; 0.303 V                              ; 0.28 V                               ; 2.93e-10 s                  ; 3.01e-10 s                  ; No                         ; No                         ; 2.75 V                      ; 3.54e-06 V                  ; 2.81 V             ; -0.0578 V          ; 0.303 V                             ; 0.28 V                              ; 2.93e-10 s                 ; 3.01e-10 s                 ; No                        ; No                        ;
; send.data[21] ; 2.5 V        ; 0 s                 ; 0 s                 ; 2.75 V                       ; 4.25e-06 V                   ; 2.9 V               ; -0.107 V            ; 0.378 V                              ; 0.16 V                               ; 2.87e-10 s                  ; 4.28e-10 s                  ; No                         ; No                         ; 2.75 V                      ; 4.25e-06 V                  ; 2.9 V              ; -0.107 V           ; 0.378 V                             ; 0.16 V                              ; 2.87e-10 s                 ; 4.28e-10 s                 ; No                        ; No                        ;
; send.data[22] ; 2.5 V        ; 0 s                 ; 0 s                 ; 2.75 V                       ; 4.14e-06 V                   ; 2.91 V              ; -0.121 V            ; 0.326 V                              ; 0.297 V                              ; 2.74e-10 s                  ; 2.8e-10 s                   ; No                         ; No                         ; 2.75 V                      ; 4.14e-06 V                  ; 2.91 V             ; -0.121 V           ; 0.326 V                             ; 0.297 V                             ; 2.74e-10 s                 ; 2.8e-10 s                  ; No                        ; No                        ;
; send.data[23] ; 2.5 V        ; 0 s                 ; 0 s                 ; 2.75 V                       ; 4.14e-06 V                   ; 2.91 V              ; -0.121 V            ; 0.326 V                              ; 0.297 V                              ; 2.74e-10 s                  ; 2.8e-10 s                   ; No                         ; No                         ; 2.75 V                      ; 4.14e-06 V                  ; 2.91 V             ; -0.121 V           ; 0.326 V                             ; 0.297 V                             ; 2.74e-10 s                 ; 2.8e-10 s                  ; No                        ; No                        ;
; send.data[24] ; 2.5 V        ; 0 s                 ; 0 s                 ; 2.75 V                       ; 4.25e-06 V                   ; 2.9 V               ; -0.107 V            ; 0.378 V                              ; 0.16 V                               ; 2.87e-10 s                  ; 4.28e-10 s                  ; No                         ; No                         ; 2.75 V                      ; 4.25e-06 V                  ; 2.9 V              ; -0.107 V           ; 0.378 V                             ; 0.16 V                              ; 2.87e-10 s                 ; 4.28e-10 s                 ; No                        ; No                        ;
; send.data[25] ; 2.5 V        ; 0 s                 ; 0 s                 ; 2.75 V                       ; 4.14e-06 V                   ; 2.91 V              ; -0.121 V            ; 0.326 V                              ; 0.297 V                              ; 2.74e-10 s                  ; 2.8e-10 s                   ; No                         ; No                         ; 2.75 V                      ; 4.14e-06 V                  ; 2.91 V             ; -0.121 V           ; 0.326 V                             ; 0.297 V                             ; 2.74e-10 s                 ; 2.8e-10 s                  ; No                        ; No                        ;
; send.data[26] ; 2.5 V        ; 0 s                 ; 0 s                 ; 2.75 V                       ; 4.14e-06 V                   ; 2.91 V              ; -0.121 V            ; 0.326 V                              ; 0.297 V                              ; 2.74e-10 s                  ; 2.8e-10 s                   ; No                         ; No                         ; 2.75 V                      ; 4.14e-06 V                  ; 2.91 V             ; -0.121 V           ; 0.326 V                             ; 0.297 V                             ; 2.74e-10 s                 ; 2.8e-10 s                  ; No                        ; No                        ;
; send.data[27] ; 2.5 V        ; 0 s                 ; 0 s                 ; 2.75 V                       ; 3.54e-06 V                   ; 2.81 V              ; -0.0578 V           ; 0.303 V                              ; 0.28 V                               ; 2.93e-10 s                  ; 3.01e-10 s                  ; No                         ; No                         ; 2.75 V                      ; 3.54e-06 V                  ; 2.81 V             ; -0.0578 V          ; 0.303 V                             ; 0.28 V                              ; 2.93e-10 s                 ; 3.01e-10 s                 ; No                        ; No                        ;
; send.data[28] ; 2.5 V        ; 0 s                 ; 0 s                 ; 2.75 V                       ; 3.54e-06 V                   ; 2.81 V              ; -0.0578 V           ; 0.303 V                              ; 0.28 V                               ; 2.93e-10 s                  ; 3.01e-10 s                  ; No                         ; No                         ; 2.75 V                      ; 3.54e-06 V                  ; 2.81 V             ; -0.0578 V          ; 0.303 V                             ; 0.28 V                              ; 2.93e-10 s                 ; 3.01e-10 s                 ; No                        ; No                        ;
; send.data[29] ; 2.5 V        ; 0 s                 ; 0 s                 ; 2.75 V                       ; 4.14e-06 V                   ; 2.91 V              ; -0.121 V            ; 0.326 V                              ; 0.297 V                              ; 2.74e-10 s                  ; 2.8e-10 s                   ; No                         ; No                         ; 2.75 V                      ; 4.14e-06 V                  ; 2.91 V             ; -0.121 V           ; 0.326 V                             ; 0.297 V                             ; 2.74e-10 s                 ; 2.8e-10 s                  ; No                        ; No                        ;
; send.data[30] ; 2.5 V        ; 0 s                 ; 0 s                 ; 2.75 V                       ; 3.54e-06 V                   ; 2.81 V              ; -0.0578 V           ; 0.303 V                              ; 0.28 V                               ; 2.93e-10 s                  ; 3.01e-10 s                  ; No                         ; No                         ; 2.75 V                      ; 3.54e-06 V                  ; 2.81 V             ; -0.0578 V          ; 0.303 V                             ; 0.28 V                              ; 2.93e-10 s                 ; 3.01e-10 s                 ; No                        ; No                        ;
; send.data[31] ; 2.5 V        ; 0 s                 ; 0 s                 ; 2.75 V                       ; 3.54e-06 V                   ; 2.81 V              ; -0.0578 V           ; 0.303 V                              ; 0.28 V                               ; 2.93e-10 s                  ; 3.01e-10 s                  ; No                         ; No                         ; 2.75 V                      ; 3.54e-06 V                  ; 2.81 V             ; -0.0578 V          ; 0.303 V                             ; 0.28 V                              ; 2.93e-10 s                 ; 3.01e-10 s                 ; No                        ; No                        ;
; send.addr[0]  ; 2.5 V        ; 0 s                 ; 0 s                 ; 2.75 V                       ; 4.25e-06 V                   ; 2.9 V               ; -0.107 V            ; 0.378 V                              ; 0.16 V                               ; 2.87e-10 s                  ; 4.28e-10 s                  ; No                         ; No                         ; 2.75 V                      ; 4.25e-06 V                  ; 2.9 V              ; -0.107 V           ; 0.378 V                             ; 0.16 V                              ; 2.87e-10 s                 ; 4.28e-10 s                 ; No                        ; No                        ;
; send.addr[1]  ; 2.5 V        ; 0 s                 ; 0 s                 ; 2.75 V                       ; 4.25e-06 V                   ; 2.9 V               ; -0.107 V            ; 0.378 V                              ; 0.16 V                               ; 2.87e-10 s                  ; 4.28e-10 s                  ; No                         ; No                         ; 2.75 V                      ; 4.25e-06 V                  ; 2.9 V              ; -0.107 V           ; 0.378 V                             ; 0.16 V                              ; 2.87e-10 s                 ; 4.28e-10 s                 ; No                        ; No                        ;
; send.addr[2]  ; 2.5 V        ; 0 s                 ; 0 s                 ; 2.75 V                       ; 3.54e-06 V                   ; 2.81 V              ; -0.0578 V           ; 0.303 V                              ; 0.28 V                               ; 2.93e-10 s                  ; 3.01e-10 s                  ; No                         ; No                         ; 2.75 V                      ; 3.54e-06 V                  ; 2.81 V             ; -0.0578 V          ; 0.303 V                             ; 0.28 V                              ; 2.93e-10 s                 ; 3.01e-10 s                 ; No                        ; No                        ;
; send.addr[3]  ; 2.5 V        ; 0 s                 ; 0 s                 ; 2.75 V                       ; 4.14e-06 V                   ; 2.91 V              ; -0.121 V            ; 0.326 V                              ; 0.297 V                              ; 2.74e-10 s                  ; 2.8e-10 s                   ; No                         ; No                         ; 2.75 V                      ; 4.14e-06 V                  ; 2.91 V             ; -0.121 V           ; 0.326 V                             ; 0.297 V                             ; 2.74e-10 s                 ; 2.8e-10 s                  ; No                        ; No                        ;
; send.addr[4]  ; 2.5 V        ; 0 s                 ; 0 s                 ; 2.75 V                       ; 4.14e-06 V                   ; 2.91 V              ; -0.121 V            ; 0.326 V                              ; 0.297 V                              ; 2.74e-10 s                  ; 2.8e-10 s                   ; No                         ; No                         ; 2.75 V                      ; 4.14e-06 V                  ; 2.91 V             ; -0.121 V           ; 0.326 V                             ; 0.297 V                             ; 2.74e-10 s                 ; 2.8e-10 s                  ; No                        ; No                        ;
; send.addr[5]  ; 2.5 V        ; 0 s                 ; 0 s                 ; 2.75 V                       ; 4.25e-06 V                   ; 2.9 V               ; -0.107 V            ; 0.378 V                              ; 0.16 V                               ; 2.87e-10 s                  ; 4.28e-10 s                  ; No                         ; No                         ; 2.75 V                      ; 4.25e-06 V                  ; 2.9 V              ; -0.107 V           ; 0.378 V                             ; 0.16 V                              ; 2.87e-10 s                 ; 4.28e-10 s                 ; No                        ; No                        ;
; send.addr[6]  ; 2.5 V        ; 0 s                 ; 0 s                 ; 2.75 V                       ; 4.14e-06 V                   ; 2.91 V              ; -0.119 V            ; 0.326 V                              ; 0.298 V                              ; 2.74e-10 s                  ; 2.8e-10 s                   ; No                         ; No                         ; 2.75 V                      ; 4.14e-06 V                  ; 2.91 V             ; -0.119 V           ; 0.326 V                             ; 0.298 V                             ; 2.74e-10 s                 ; 2.8e-10 s                  ; No                        ; No                        ;
; send.addr[7]  ; 2.5 V        ; 0 s                 ; 0 s                 ; 2.75 V                       ; 4.14e-06 V                   ; 2.91 V              ; -0.121 V            ; 0.326 V                              ; 0.297 V                              ; 2.74e-10 s                  ; 2.8e-10 s                   ; No                         ; No                         ; 2.75 V                      ; 4.14e-06 V                  ; 2.91 V             ; -0.121 V           ; 0.326 V                             ; 0.297 V                             ; 2.74e-10 s                 ; 2.8e-10 s                  ; No                        ; No                        ;
+---------------+--------------+---------------------+---------------------+------------------------------+------------------------------+---------------------+---------------------+--------------------------------------+--------------------------------------+-----------------------------+-----------------------------+----------------------------+----------------------------+-----------------------------+-----------------------------+--------------------+--------------------+-------------------------------------+-------------------------------------+----------------------------+----------------------------+---------------------------+---------------------------+


+--------------------------------------------------------------------------------------------------------------------------------------------------------------------------------------------------------------------------------------------------------------------------------------------------------------------------------------------------------------------------------------------------------------------------------------------------------------------------------------------------------------------------------------------------------------------------------------------------------------------------------------------------------------------------------------------+
; Signal Integrity Metrics (Fast 1100mv 85c Model)                                                                                                                                                                                                                                                                                                                                                                                                                                                                                                                                                                                                                                           ;
+---------------+--------------+---------------------+---------------------+------------------------------+------------------------------+---------------------+---------------------+--------------------------------------+--------------------------------------+-----------------------------+-----------------------------+----------------------------+----------------------------+-----------------------------+-----------------------------+--------------------+--------------------+-------------------------------------+-------------------------------------+----------------------------+----------------------------+---------------------------+---------------------------+
; Pin           ; I/O Standard ; Board Delay on Rise ; Board Delay on Fall ; Steady State Voh at FPGA Pin ; Steady State Vol at FPGA Pin ; Voh Max at FPGA Pin ; Vol Min at FPGA Pin ; Ringback Voltage on Rise at FPGA Pin ; Ringback Voltage on Fall at FPGA Pin ; 10-90 Rise Time at FPGA Pin ; 90-10 Fall Time at FPGA Pin ; Monotonic Rise at FPGA Pin ; Monotonic Fall at FPGA Pin ; Steady State Voh at Far-end ; Steady State Vol at Far-end ; Voh Max at Far-end ; Vol Min at Far-end ; Ringback Voltage on Rise at Far-end ; Ringback Voltage on Fall at Far-end ; 10-90 Rise Time at Far-end ; 90-10 Fall Time at Far-end ; Monotonic Rise at Far-end ; Monotonic Fall at Far-end ;
+---------------+--------------+---------------------+---------------------+------------------------------+------------------------------+---------------------+---------------------+--------------------------------------+--------------------------------------+-----------------------------+-----------------------------+----------------------------+----------------------------+-----------------------------+-----------------------------+--------------------+--------------------+-------------------------------------+-------------------------------------+----------------------------+----------------------------+---------------------------+---------------------------+
; send.data[0]  ; 2.5 V        ; 0 s                 ; 0 s                 ; 2.75 V                       ; 0.000242 V                   ; 2.86 V              ; -0.0805 V           ; 0.358 V                              ; 0.156 V                              ; 3.01e-10 s                  ; 4.34e-10 s                  ; No                         ; No                         ; 2.75 V                      ; 0.000242 V                  ; 2.86 V             ; -0.0805 V          ; 0.358 V                             ; 0.156 V                             ; 3.01e-10 s                 ; 4.34e-10 s                 ; No                        ; No                        ;
; send.data[1]  ; 2.5 V        ; 0 s                 ; 0 s                 ; 2.75 V                       ; 0.000242 V                   ; 2.86 V              ; -0.0805 V           ; 0.358 V                              ; 0.156 V                              ; 3.01e-10 s                  ; 4.34e-10 s                  ; No                         ; No                         ; 2.75 V                      ; 0.000242 V                  ; 2.86 V             ; -0.0805 V          ; 0.358 V                             ; 0.156 V                             ; 3.01e-10 s                 ; 4.34e-10 s                 ; No                        ; No                        ;
; send.data[2]  ; 2.5 V        ; 0 s                 ; 0 s                 ; 2.75 V                       ; 0.000213 V                   ; 2.79 V              ; -0.0324 V           ; 0.139 V                              ; 0.119 V                              ; 4.42e-10 s                  ; 4.33e-10 s                  ; No                         ; Yes                        ; 2.75 V                      ; 0.000213 V                  ; 2.79 V             ; -0.0324 V          ; 0.139 V                             ; 0.119 V                             ; 4.42e-10 s                 ; 4.33e-10 s                 ; No                        ; Yes                       ;
; send.data[3]  ; 2.5 V        ; 0 s                 ; 0 s                 ; 2.75 V                       ; 0.000213 V                   ; 2.79 V              ; -0.0324 V           ; 0.139 V                              ; 0.119 V                              ; 4.42e-10 s                  ; 4.33e-10 s                  ; No                         ; Yes                        ; 2.75 V                      ; 0.000213 V                  ; 2.79 V             ; -0.0324 V          ; 0.139 V                             ; 0.119 V                             ; 4.42e-10 s                 ; 4.33e-10 s                 ; No                        ; Yes                       ;
; send.data[4]  ; 2.5 V        ; 0 s                 ; 0 s                 ; 2.75 V                       ; 0.000213 V                   ; 2.79 V              ; -0.0324 V           ; 0.139 V                              ; 0.119 V                              ; 4.42e-10 s                  ; 4.33e-10 s                  ; No                         ; Yes                        ; 2.75 V                      ; 0.000213 V                  ; 2.79 V             ; -0.0324 V          ; 0.139 V                             ; 0.119 V                             ; 4.42e-10 s                 ; 4.33e-10 s                 ; No                        ; Yes                       ;
; send.data[5]  ; 2.5 V        ; 0 s                 ; 0 s                 ; 2.75 V                       ; 0.000242 V                   ; 2.86 V              ; -0.0814 V           ; 0.36 V                               ; 0.156 V                              ; 3e-10 s                     ; 4.34e-10 s                  ; No                         ; No                         ; 2.75 V                      ; 0.000242 V                  ; 2.86 V             ; -0.0814 V          ; 0.36 V                              ; 0.156 V                             ; 3e-10 s                    ; 4.34e-10 s                 ; No                        ; No                        ;
; send.data[6]  ; 2.5 V        ; 0 s                 ; 0 s                 ; 2.75 V                       ; 0.000242 V                   ; 2.86 V              ; -0.0805 V           ; 0.358 V                              ; 0.156 V                              ; 3.01e-10 s                  ; 4.34e-10 s                  ; No                         ; No                         ; 2.75 V                      ; 0.000242 V                  ; 2.86 V             ; -0.0805 V          ; 0.358 V                             ; 0.156 V                             ; 3.01e-10 s                 ; 4.34e-10 s                 ; No                        ; No                        ;
; send.data[7]  ; 2.5 V        ; 0 s                 ; 0 s                 ; 2.75 V                       ; 0.000213 V                   ; 2.79 V              ; -0.0324 V           ; 0.139 V                              ; 0.119 V                              ; 4.42e-10 s                  ; 4.33e-10 s                  ; No                         ; Yes                        ; 2.75 V                      ; 0.000213 V                  ; 2.79 V             ; -0.0324 V          ; 0.139 V                             ; 0.119 V                             ; 4.42e-10 s                 ; 4.33e-10 s                 ; No                        ; Yes                       ;
; send.data[8]  ; 2.5 V        ; 0 s                 ; 0 s                 ; 2.75 V                       ; 0.000242 V                   ; 2.86 V              ; -0.0805 V           ; 0.358 V                              ; 0.156 V                              ; 3.01e-10 s                  ; 4.34e-10 s                  ; No                         ; No                         ; 2.75 V                      ; 0.000242 V                  ; 2.86 V             ; -0.0805 V          ; 0.358 V                             ; 0.156 V                             ; 3.01e-10 s                 ; 4.34e-10 s                 ; No                        ; No                        ;
; send.data[9]  ; 2.5 V        ; 0 s                 ; 0 s                 ; 2.75 V                       ; 0.000242 V                   ; 2.86 V              ; -0.0805 V           ; 0.358 V                              ; 0.156 V                              ; 3.01e-10 s                  ; 4.34e-10 s                  ; No                         ; No                         ; 2.75 V                      ; 0.000242 V                  ; 2.86 V             ; -0.0805 V          ; 0.358 V                             ; 0.156 V                             ; 3.01e-10 s                 ; 4.34e-10 s                 ; No                        ; No                        ;
; send.data[10] ; 2.5 V        ; 0 s                 ; 0 s                 ; 2.75 V                       ; 0.000247 V                   ; 2.85 V              ; -0.0711 V           ; 0.204 V                              ; 0.181 V                              ; 4.55e-10 s                  ; 4.49e-10 s                  ; No                         ; No                         ; 2.75 V                      ; 0.000247 V                  ; 2.85 V             ; -0.0711 V          ; 0.204 V                             ; 0.181 V                             ; 4.55e-10 s                 ; 4.49e-10 s                 ; No                        ; No                        ;
; send.data[11] ; 2.5 V        ; 0 s                 ; 0 s                 ; 2.75 V                       ; 0.000242 V                   ; 2.86 V              ; -0.0805 V           ; 0.358 V                              ; 0.156 V                              ; 3.01e-10 s                  ; 4.34e-10 s                  ; No                         ; No                         ; 2.75 V                      ; 0.000242 V                  ; 2.86 V             ; -0.0805 V          ; 0.358 V                             ; 0.156 V                             ; 3.01e-10 s                 ; 4.34e-10 s                 ; No                        ; No                        ;
; send.data[12] ; 2.5 V        ; 0 s                 ; 0 s                 ; 2.75 V                       ; 0.000247 V                   ; 2.85 V              ; -0.0711 V           ; 0.204 V                              ; 0.181 V                              ; 4.55e-10 s                  ; 4.49e-10 s                  ; No                         ; No                         ; 2.75 V                      ; 0.000247 V                  ; 2.85 V             ; -0.0711 V          ; 0.204 V                             ; 0.181 V                             ; 4.55e-10 s                 ; 4.49e-10 s                 ; No                        ; No                        ;
; send.data[13] ; 2.5 V        ; 0 s                 ; 0 s                 ; 2.75 V                       ; 0.000242 V                   ; 2.86 V              ; -0.0814 V           ; 0.36 V                               ; 0.156 V                              ; 3e-10 s                     ; 4.34e-10 s                  ; No                         ; No                         ; 2.75 V                      ; 0.000242 V                  ; 2.86 V             ; -0.0814 V          ; 0.36 V                              ; 0.156 V                             ; 3e-10 s                    ; 4.34e-10 s                 ; No                        ; No                        ;
; send.data[14] ; 2.5 V        ; 0 s                 ; 0 s                 ; 2.75 V                       ; 0.000213 V                   ; 2.79 V              ; -0.0324 V           ; 0.139 V                              ; 0.119 V                              ; 4.42e-10 s                  ; 4.33e-10 s                  ; No                         ; Yes                        ; 2.75 V                      ; 0.000213 V                  ; 2.79 V             ; -0.0324 V          ; 0.139 V                             ; 0.119 V                             ; 4.42e-10 s                 ; 4.33e-10 s                 ; No                        ; Yes                       ;
; send.data[15] ; 2.5 V        ; 0 s                 ; 0 s                 ; 2.75 V                       ; 0.000242 V                   ; 2.86 V              ; -0.0814 V           ; 0.36 V                               ; 0.156 V                              ; 3e-10 s                     ; 4.34e-10 s                  ; No                         ; No                         ; 2.75 V                      ; 0.000242 V                  ; 2.86 V             ; -0.0814 V          ; 0.36 V                              ; 0.156 V                             ; 3e-10 s                    ; 4.34e-10 s                 ; No                        ; No                        ;
; send.data[16] ; 2.5 V        ; 0 s                 ; 0 s                 ; 2.75 V                       ; 0.000242 V                   ; 2.86 V              ; -0.0814 V           ; 0.36 V                               ; 0.156 V                              ; 3e-10 s                     ; 4.34e-10 s                  ; No                         ; No                         ; 2.75 V                      ; 0.000242 V                  ; 2.86 V             ; -0.0814 V          ; 0.36 V                              ; 0.156 V                             ; 3e-10 s                    ; 4.34e-10 s                 ; No                        ; No                        ;
; send.data[17] ; 2.5 V        ; 0 s                 ; 0 s                 ; 2.75 V                       ; 0.000213 V                   ; 2.79 V              ; -0.0324 V           ; 0.139 V                              ; 0.119 V                              ; 4.42e-10 s                  ; 4.33e-10 s                  ; No                         ; Yes                        ; 2.75 V                      ; 0.000213 V                  ; 2.79 V             ; -0.0324 V          ; 0.139 V                             ; 0.119 V                             ; 4.42e-10 s                 ; 4.33e-10 s                 ; No                        ; Yes                       ;
; send.data[18] ; 2.5 V        ; 0 s                 ; 0 s                 ; 2.75 V                       ; 0.000247 V                   ; 2.85 V              ; -0.0711 V           ; 0.204 V                              ; 0.181 V                              ; 4.55e-10 s                  ; 4.49e-10 s                  ; No                         ; No                         ; 2.75 V                      ; 0.000247 V                  ; 2.85 V             ; -0.0711 V          ; 0.204 V                             ; 0.181 V                             ; 4.55e-10 s                 ; 4.49e-10 s                 ; No                        ; No                        ;
; send.data[19] ; 2.5 V        ; 0 s                 ; 0 s                 ; 2.75 V                       ; 0.000213 V                   ; 2.79 V              ; -0.0324 V           ; 0.139 V                              ; 0.119 V                              ; 4.42e-10 s                  ; 4.33e-10 s                  ; No                         ; Yes                        ; 2.75 V                      ; 0.000213 V                  ; 2.79 V             ; -0.0324 V          ; 0.139 V                             ; 0.119 V                             ; 4.42e-10 s                 ; 4.33e-10 s                 ; No                        ; Yes                       ;
; send.data[20] ; 2.5 V        ; 0 s                 ; 0 s                 ; 2.75 V                       ; 0.000213 V                   ; 2.79 V              ; -0.0324 V           ; 0.139 V                              ; 0.119 V                              ; 4.42e-10 s                  ; 4.33e-10 s                  ; No                         ; Yes                        ; 2.75 V                      ; 0.000213 V                  ; 2.79 V             ; -0.0324 V          ; 0.139 V                             ; 0.119 V                             ; 4.42e-10 s                 ; 4.33e-10 s                 ; No                        ; Yes                       ;
; send.data[21] ; 2.5 V        ; 0 s                 ; 0 s                 ; 2.75 V                       ; 0.000247 V                   ; 2.85 V              ; -0.0711 V           ; 0.204 V                              ; 0.181 V                              ; 4.55e-10 s                  ; 4.49e-10 s                  ; No                         ; No                         ; 2.75 V                      ; 0.000247 V                  ; 2.85 V             ; -0.0711 V          ; 0.204 V                             ; 0.181 V                             ; 4.55e-10 s                 ; 4.49e-10 s                 ; No                        ; No                        ;
; send.data[22] ; 2.5 V        ; 0 s                 ; 0 s                 ; 2.75 V                       ; 0.000242 V                   ; 2.86 V              ; -0.0814 V           ; 0.36 V                               ; 0.156 V                              ; 3e-10 s                     ; 4.34e-10 s                  ; No                         ; No                         ; 2.75 V                      ; 0.000242 V                  ; 2.86 V             ; -0.0814 V          ; 0.36 V                              ; 0.156 V                             ; 3e-10 s                    ; 4.34e-10 s                 ; No                        ; No                        ;
; send.data[23] ; 2.5 V        ; 0 s                 ; 0 s                 ; 2.75 V                       ; 0.000242 V                   ; 2.86 V              ; -0.0814 V           ; 0.36 V                               ; 0.156 V                              ; 3e-10 s                     ; 4.34e-10 s                  ; No                         ; No                         ; 2.75 V                      ; 0.000242 V                  ; 2.86 V             ; -0.0814 V          ; 0.36 V                              ; 0.156 V                             ; 3e-10 s                    ; 4.34e-10 s                 ; No                        ; No                        ;
; send.data[24] ; 2.5 V        ; 0 s                 ; 0 s                 ; 2.75 V                       ; 0.000247 V                   ; 2.85 V              ; -0.0711 V           ; 0.204 V                              ; 0.181 V                              ; 4.55e-10 s                  ; 4.49e-10 s                  ; No                         ; No                         ; 2.75 V                      ; 0.000247 V                  ; 2.85 V             ; -0.0711 V          ; 0.204 V                             ; 0.181 V                             ; 4.55e-10 s                 ; 4.49e-10 s                 ; No                        ; No                        ;
; send.data[25] ; 2.5 V        ; 0 s                 ; 0 s                 ; 2.75 V                       ; 0.000242 V                   ; 2.86 V              ; -0.0814 V           ; 0.36 V                               ; 0.156 V                              ; 3e-10 s                     ; 4.34e-10 s                  ; No                         ; No                         ; 2.75 V                      ; 0.000242 V                  ; 2.86 V             ; -0.0814 V          ; 0.36 V                              ; 0.156 V                             ; 3e-10 s                    ; 4.34e-10 s                 ; No                        ; No                        ;
; send.data[26] ; 2.5 V        ; 0 s                 ; 0 s                 ; 2.75 V                       ; 0.000242 V                   ; 2.86 V              ; -0.0814 V           ; 0.36 V                               ; 0.156 V                              ; 3e-10 s                     ; 4.34e-10 s                  ; No                         ; No                         ; 2.75 V                      ; 0.000242 V                  ; 2.86 V             ; -0.0814 V          ; 0.36 V                              ; 0.156 V                             ; 3e-10 s                    ; 4.34e-10 s                 ; No                        ; No                        ;
; send.data[27] ; 2.5 V        ; 0 s                 ; 0 s                 ; 2.75 V                       ; 0.000213 V                   ; 2.79 V              ; -0.0324 V           ; 0.139 V                              ; 0.119 V                              ; 4.42e-10 s                  ; 4.33e-10 s                  ; No                         ; Yes                        ; 2.75 V                      ; 0.000213 V                  ; 2.79 V             ; -0.0324 V          ; 0.139 V                             ; 0.119 V                             ; 4.42e-10 s                 ; 4.33e-10 s                 ; No                        ; Yes                       ;
; send.data[28] ; 2.5 V        ; 0 s                 ; 0 s                 ; 2.75 V                       ; 0.000213 V                   ; 2.79 V              ; -0.0324 V           ; 0.139 V                              ; 0.119 V                              ; 4.42e-10 s                  ; 4.33e-10 s                  ; No                         ; Yes                        ; 2.75 V                      ; 0.000213 V                  ; 2.79 V             ; -0.0324 V          ; 0.139 V                             ; 0.119 V                             ; 4.42e-10 s                 ; 4.33e-10 s                 ; No                        ; Yes                       ;
; send.data[29] ; 2.5 V        ; 0 s                 ; 0 s                 ; 2.75 V                       ; 0.000242 V                   ; 2.86 V              ; -0.0814 V           ; 0.36 V                               ; 0.156 V                              ; 3e-10 s                     ; 4.34e-10 s                  ; No                         ; No                         ; 2.75 V                      ; 0.000242 V                  ; 2.86 V             ; -0.0814 V          ; 0.36 V                              ; 0.156 V                             ; 3e-10 s                    ; 4.34e-10 s                 ; No                        ; No                        ;
; send.data[30] ; 2.5 V        ; 0 s                 ; 0 s                 ; 2.75 V                       ; 0.000213 V                   ; 2.79 V              ; -0.0324 V           ; 0.139 V                              ; 0.119 V                              ; 4.42e-10 s                  ; 4.33e-10 s                  ; No                         ; Yes                        ; 2.75 V                      ; 0.000213 V                  ; 2.79 V             ; -0.0324 V          ; 0.139 V                             ; 0.119 V                             ; 4.42e-10 s                 ; 4.33e-10 s                 ; No                        ; Yes                       ;
; send.data[31] ; 2.5 V        ; 0 s                 ; 0 s                 ; 2.75 V                       ; 0.000213 V                   ; 2.79 V              ; -0.0324 V           ; 0.139 V                              ; 0.119 V                              ; 4.42e-10 s                  ; 4.33e-10 s                  ; No                         ; Yes                        ; 2.75 V                      ; 0.000213 V                  ; 2.79 V             ; -0.0324 V          ; 0.139 V                             ; 0.119 V                             ; 4.42e-10 s                 ; 4.33e-10 s                 ; No                        ; Yes                       ;
; send.addr[0]  ; 2.5 V        ; 0 s                 ; 0 s                 ; 2.75 V                       ; 0.000247 V                   ; 2.85 V              ; -0.0711 V           ; 0.204 V                              ; 0.181 V                              ; 4.55e-10 s                  ; 4.49e-10 s                  ; No                         ; No                         ; 2.75 V                      ; 0.000247 V                  ; 2.85 V             ; -0.0711 V          ; 0.204 V                             ; 0.181 V                             ; 4.55e-10 s                 ; 4.49e-10 s                 ; No                        ; No                        ;
; send.addr[1]  ; 2.5 V        ; 0 s                 ; 0 s                 ; 2.75 V                       ; 0.000247 V                   ; 2.85 V              ; -0.0711 V           ; 0.204 V                              ; 0.181 V                              ; 4.55e-10 s                  ; 4.49e-10 s                  ; No                         ; No                         ; 2.75 V                      ; 0.000247 V                  ; 2.85 V             ; -0.0711 V          ; 0.204 V                             ; 0.181 V                             ; 4.55e-10 s                 ; 4.49e-10 s                 ; No                        ; No                        ;
; send.addr[2]  ; 2.5 V        ; 0 s                 ; 0 s                 ; 2.75 V                       ; 0.000213 V                   ; 2.79 V              ; -0.0324 V           ; 0.139 V                              ; 0.119 V                              ; 4.42e-10 s                  ; 4.33e-10 s                  ; No                         ; Yes                        ; 2.75 V                      ; 0.000213 V                  ; 2.79 V             ; -0.0324 V          ; 0.139 V                             ; 0.119 V                             ; 4.42e-10 s                 ; 4.33e-10 s                 ; No                        ; Yes                       ;
; send.addr[3]  ; 2.5 V        ; 0 s                 ; 0 s                 ; 2.75 V                       ; 0.000242 V                   ; 2.86 V              ; -0.0814 V           ; 0.36 V                               ; 0.156 V                              ; 3e-10 s                     ; 4.34e-10 s                  ; No                         ; No                         ; 2.75 V                      ; 0.000242 V                  ; 2.86 V             ; -0.0814 V          ; 0.36 V                              ; 0.156 V                             ; 3e-10 s                    ; 4.34e-10 s                 ; No                        ; No                        ;
; send.addr[4]  ; 2.5 V        ; 0 s                 ; 0 s                 ; 2.75 V                       ; 0.000242 V                   ; 2.86 V              ; -0.0814 V           ; 0.36 V                               ; 0.156 V                              ; 3e-10 s                     ; 4.34e-10 s                  ; No                         ; No                         ; 2.75 V                      ; 0.000242 V                  ; 2.86 V             ; -0.0814 V          ; 0.36 V                              ; 0.156 V                             ; 3e-10 s                    ; 4.34e-10 s                 ; No                        ; No                        ;
; send.addr[5]  ; 2.5 V        ; 0 s                 ; 0 s                 ; 2.75 V                       ; 0.000247 V                   ; 2.85 V              ; -0.0711 V           ; 0.204 V                              ; 0.181 V                              ; 4.55e-10 s                  ; 4.49e-10 s                  ; No                         ; No                         ; 2.75 V                      ; 0.000247 V                  ; 2.85 V             ; -0.0711 V          ; 0.204 V                             ; 0.181 V                             ; 4.55e-10 s                 ; 4.49e-10 s                 ; No                        ; No                        ;
; send.addr[6]  ; 2.5 V        ; 0 s                 ; 0 s                 ; 2.75 V                       ; 0.000242 V                   ; 2.86 V              ; -0.0805 V           ; 0.358 V                              ; 0.156 V                              ; 3.01e-10 s                  ; 4.34e-10 s                  ; No                         ; No                         ; 2.75 V                      ; 0.000242 V                  ; 2.86 V             ; -0.0805 V          ; 0.358 V                             ; 0.156 V                             ; 3.01e-10 s                 ; 4.34e-10 s                 ; No                        ; No                        ;
; send.addr[7]  ; 2.5 V        ; 0 s                 ; 0 s                 ; 2.75 V                       ; 0.000242 V                   ; 2.86 V              ; -0.0814 V           ; 0.36 V                               ; 0.156 V                              ; 3e-10 s                     ; 4.34e-10 s                  ; No                         ; No                         ; 2.75 V                      ; 0.000242 V                  ; 2.86 V             ; -0.0814 V          ; 0.36 V                              ; 0.156 V                             ; 3e-10 s                    ; 4.34e-10 s                 ; No                        ; No                        ;
+---------------+--------------+---------------------+---------------------+------------------------------+------------------------------+---------------------+---------------------+--------------------------------------+--------------------------------------+-----------------------------+-----------------------------+----------------------------+----------------------------+-----------------------------+-----------------------------+--------------------+--------------------+-------------------------------------+-------------------------------------+----------------------------+----------------------------+---------------------------+---------------------------+


+-------------------------------------------------------------------+
; Setup Transfers                                                   ;
+------------+----------+----------+----------+----------+----------+
; From Clock ; To Clock ; RR Paths ; FR Paths ; RF Paths ; FF Paths ;
+------------+----------+----------+----------+----------+----------+
; clock      ; clock    ; 17159    ; 0        ; 0        ; 0        ;
+------------+----------+----------+----------+----------+----------+
Entries labeled "false path" only account for clock-to-clock false paths and not path-based false paths. As a result, actual path counts may be lower than reported.


+-------------------------------------------------------------------+
; Hold Transfers                                                    ;
+------------+----------+----------+----------+----------+----------+
; From Clock ; To Clock ; RR Paths ; FR Paths ; RF Paths ; FF Paths ;
+------------+----------+----------+----------+----------+----------+
; clock      ; clock    ; 17159    ; 0        ; 0        ; 0        ;
+------------+----------+----------+----------+----------+----------+
Entries labeled "false path" only account for clock-to-clock false paths and not path-based false paths. As a result, actual path counts may be lower than reported.


---------------
; Report TCCS ;
---------------
No dedicated SERDES Transmitter circuitry present in device or used in design


---------------
; Report RSKM ;
---------------
No non-DPA dedicated SERDES Receiver circuitry present in device or used in design


+------------------------------------------------+
; Unconstrained Paths Summary                    ;
+---------------------------------+-------+------+
; Property                        ; Setup ; Hold ;
+---------------------------------+-------+------+
; Illegal Clocks                  ; 0     ; 0    ;
; Unconstrained Clocks            ; 0     ; 0    ;
; Unconstrained Input Ports       ; 37    ; 37   ;
; Unconstrained Input Port Paths  ; 772   ; 772  ;
; Unconstrained Output Ports      ; 30    ; 30   ;
; Unconstrained Output Port Paths ; 62    ; 62   ;
+---------------------------------+-------+------+


+-------------------------------------+
; Clock Status Summary                ;
+--------+-------+------+-------------+
; Target ; Clock ; Type ; Status      ;
+--------+-------+------+-------------+
; clock  ; clock ; Base ; Constrained ;
+--------+-------+------+-------------+


+------------------------------------------------------------------------------------------------------+
; Unconstrained Input Ports                                                                            ;
+---------------+--------------------------------------------------------------------------------------+
; Input Port    ; Comment                                                                              ;
+---------------+--------------------------------------------------------------------------------------+
; init          ; No input delay, min/max delays, false-path exceptions, or max skew assignments found ;
; recv.addr[0]  ; No input delay, min/max delays, false-path exceptions, or max skew assignments found ;
; recv.addr[1]  ; No input delay, min/max delays, false-path exceptions, or max skew assignments found ;
; recv.addr[2]  ; No input delay, min/max delays, false-path exceptions, or max skew assignments found ;
; recv.addr[3]  ; No input delay, min/max delays, false-path exceptions, or max skew assignments found ;
; recv.addr[4]  ; No input delay, min/max delays, false-path exceptions, or max skew assignments found ;
; recv.addr[5]  ; No input delay, min/max delays, false-path exceptions, or max skew assignments found ;
; recv.addr[6]  ; No input delay, min/max delays, false-path exceptions, or max skew assignments found ;
; recv.addr[7]  ; No input delay, min/max delays, false-path exceptions, or max skew assignments found ;
; recv.data[0]  ; No input delay, min/max delays, false-path exceptions, or max skew assignments found ;
; recv.data[1]  ; No input delay, min/max delays, false-path exceptions, or max skew assignments found ;
; recv.data[2]  ; No input delay, min/max delays, false-path exceptions, or max skew assignments found ;
; recv.data[3]  ; No input delay, min/max delays, false-path exceptions, or max skew assignments found ;
; recv.data[4]  ; No input delay, min/max delays, false-path exceptions, or max skew assignments found ;
; recv.data[5]  ; No input delay, min/max delays, false-path exceptions, or max skew assignments found ;
; recv.data[6]  ; No input delay, min/max delays, false-path exceptions, or max skew assignments found ;
; recv.data[7]  ; No input delay, min/max delays, false-path exceptions, or max skew assignments found ;
; recv.data[8]  ; No input delay, min/max delays, false-path exceptions, or max skew assignments found ;
; recv.data[9]  ; No input delay, min/max delays, false-path exceptions, or max skew assignments found ;
; recv.data[10] ; No input delay, min/max delays, false-path exceptions, or max skew assignments found ;
; recv.data[11] ; No input delay, min/max delays, false-path exceptions, or max skew assignments found ;
; recv.data[12] ; No input delay, min/max delays, false-path exceptions, or max skew assignments found ;
; recv.data[13] ; No input delay, min/max delays, false-path exceptions, or max skew assignments found ;
; recv.data[14] ; No input delay, min/max delays, false-path exceptions, or max skew assignments found ;
; recv.data[15] ; No input delay, min/max delays, false-path exceptions, or max skew assignments found ;
; recv.data[16] ; No input delay, min/max delays, false-path exceptions, or max skew assignments found ;
; recv.data[17] ; No input delay, min/max delays, false-path exceptions, or max skew assignments found ;
; recv.data[18] ; No input delay, min/max delays, false-path exceptions, or max skew assignments found ;
; recv.data[19] ; No input delay, min/max delays, false-path exceptions, or max skew assignments found ;
; recv.data[24] ; No input delay, min/max delays, false-path exceptions, or max skew assignments found ;
; recv.data[25] ; No input delay, min/max delays, false-path exceptions, or max skew assignments found ;
; recv.data[26] ; No input delay, min/max delays, false-path exceptions, or max skew assignments found ;
; recv.data[27] ; No input delay, min/max delays, false-path exceptions, or max skew assignments found ;
; recv.data[28] ; No input delay, min/max delays, false-path exceptions, or max skew assignments found ;
; recv.data[29] ; No input delay, min/max delays, false-path exceptions, or max skew assignments found ;
; recv.data[30] ; No input delay, min/max delays, false-path exceptions, or max skew assignments found ;
; recv.data[31] ; No input delay, min/max delays, false-path exceptions, or max skew assignments found ;
+---------------+--------------------------------------------------------------------------------------+


+-------------------------------------------------------------------------------------------------------+
; Unconstrained Output Ports                                                                            ;
+---------------+---------------------------------------------------------------------------------------+
; Output Port   ; Comment                                                                               ;
+---------------+---------------------------------------------------------------------------------------+
; send.addr[0]  ; No output delay, min/max delays, false-path exceptions, or max skew assignments found ;
; send.addr[1]  ; No output delay, min/max delays, false-path exceptions, or max skew assignments found ;
; send.addr[2]  ; No output delay, min/max delays, false-path exceptions, or max skew assignments found ;
; send.data[0]  ; No output delay, min/max delays, false-path exceptions, or max skew assignments found ;
; send.data[1]  ; No output delay, min/max delays, false-path exceptions, or max skew assignments found ;
; send.data[2]  ; No output delay, min/max delays, false-path exceptions, or max skew assignments found ;
; send.data[3]  ; No output delay, min/max delays, false-path exceptions, or max skew assignments found ;
; send.data[4]  ; No output delay, min/max delays, false-path exceptions, or max skew assignments found ;
; send.data[5]  ; No output delay, min/max delays, false-path exceptions, or max skew assignments found ;
; send.data[6]  ; No output delay, min/max delays, false-path exceptions, or max skew assignments found ;
; send.data[7]  ; No output delay, min/max delays, false-path exceptions, or max skew assignments found ;
; send.data[8]  ; No output delay, min/max delays, false-path exceptions, or max skew assignments found ;
; send.data[9]  ; No output delay, min/max delays, false-path exceptions, or max skew assignments found ;
; send.data[10] ; No output delay, min/max delays, false-path exceptions, or max skew assignments found ;
; send.data[11] ; No output delay, min/max delays, false-path exceptions, or max skew assignments found ;
; send.data[12] ; No output delay, min/max delays, false-path exceptions, or max skew assignments found ;
; send.data[13] ; No output delay, min/max delays, false-path exceptions, or max skew assignments found ;
; send.data[14] ; No output delay, min/max delays, false-path exceptions, or max skew assignments found ;
; send.data[15] ; No output delay, min/max delays, false-path exceptions, or max skew assignments found ;
; send.data[16] ; No output delay, min/max delays, false-path exceptions, or max skew assignments found ;
; send.data[17] ; No output delay, min/max delays, false-path exceptions, or max skew assignments found ;
; send.data[18] ; No output delay, min/max delays, false-path exceptions, or max skew assignments found ;
; send.data[19] ; No output delay, min/max delays, false-path exceptions, or max skew assignments found ;
; send.data[22] ; No output delay, min/max delays, false-path exceptions, or max skew assignments found ;
; send.data[24] ; No output delay, min/max delays, false-path exceptions, or max skew assignments found ;
; send.data[25] ; No output delay, min/max delays, false-path exceptions, or max skew assignments found ;
; send.data[26] ; No output delay, min/max delays, false-path exceptions, or max skew assignments found ;
; send.data[28] ; No output delay, min/max delays, false-path exceptions, or max skew assignments found ;
; send.data[29] ; No output delay, min/max delays, false-path exceptions, or max skew assignments found ;
; send.data[30] ; No output delay, min/max delays, false-path exceptions, or max skew assignments found ;
+---------------+---------------------------------------------------------------------------------------+


+------------------------------------------------------------------------------------------------------+
; Unconstrained Input Ports                                                                            ;
+---------------+--------------------------------------------------------------------------------------+
; Input Port    ; Comment                                                                              ;
+---------------+--------------------------------------------------------------------------------------+
; init          ; No input delay, min/max delays, false-path exceptions, or max skew assignments found ;
; recv.addr[0]  ; No input delay, min/max delays, false-path exceptions, or max skew assignments found ;
; recv.addr[1]  ; No input delay, min/max delays, false-path exceptions, or max skew assignments found ;
; recv.addr[2]  ; No input delay, min/max delays, false-path exceptions, or max skew assignments found ;
; recv.addr[3]  ; No input delay, min/max delays, false-path exceptions, or max skew assignments found ;
; recv.addr[4]  ; No input delay, min/max delays, false-path exceptions, or max skew assignments found ;
; recv.addr[5]  ; No input delay, min/max delays, false-path exceptions, or max skew assignments found ;
; recv.addr[6]  ; No input delay, min/max delays, false-path exceptions, or max skew assignments found ;
; recv.addr[7]  ; No input delay, min/max delays, false-path exceptions, or max skew assignments found ;
; recv.data[0]  ; No input delay, min/max delays, false-path exceptions, or max skew assignments found ;
; recv.data[1]  ; No input delay, min/max delays, false-path exceptions, or max skew assignments found ;
; recv.data[2]  ; No input delay, min/max delays, false-path exceptions, or max skew assignments found ;
; recv.data[3]  ; No input delay, min/max delays, false-path exceptions, or max skew assignments found ;
; recv.data[4]  ; No input delay, min/max delays, false-path exceptions, or max skew assignments found ;
; recv.data[5]  ; No input delay, min/max delays, false-path exceptions, or max skew assignments found ;
; recv.data[6]  ; No input delay, min/max delays, false-path exceptions, or max skew assignments found ;
; recv.data[7]  ; No input delay, min/max delays, false-path exceptions, or max skew assignments found ;
; recv.data[8]  ; No input delay, min/max delays, false-path exceptions, or max skew assignments found ;
; recv.data[9]  ; No input delay, min/max delays, false-path exceptions, or max skew assignments found ;
; recv.data[10] ; No input delay, min/max delays, false-path exceptions, or max skew assignments found ;
; recv.data[11] ; No input delay, min/max delays, false-path exceptions, or max skew assignments found ;
; recv.data[12] ; No input delay, min/max delays, false-path exceptions, or max skew assignments found ;
; recv.data[13] ; No input delay, min/max delays, false-path exceptions, or max skew assignments found ;
; recv.data[14] ; No input delay, min/max delays, false-path exceptions, or max skew assignments found ;
; recv.data[15] ; No input delay, min/max delays, false-path exceptions, or max skew assignments found ;
; recv.data[16] ; No input delay, min/max delays, false-path exceptions, or max skew assignments found ;
; recv.data[17] ; No input delay, min/max delays, false-path exceptions, or max skew assignments found ;
; recv.data[18] ; No input delay, min/max delays, false-path exceptions, or max skew assignments found ;
; recv.data[19] ; No input delay, min/max delays, false-path exceptions, or max skew assignments found ;
; recv.data[24] ; No input delay, min/max delays, false-path exceptions, or max skew assignments found ;
; recv.data[25] ; No input delay, min/max delays, false-path exceptions, or max skew assignments found ;
; recv.data[26] ; No input delay, min/max delays, false-path exceptions, or max skew assignments found ;
; recv.data[27] ; No input delay, min/max delays, false-path exceptions, or max skew assignments found ;
; recv.data[28] ; No input delay, min/max delays, false-path exceptions, or max skew assignments found ;
; recv.data[29] ; No input delay, min/max delays, false-path exceptions, or max skew assignments found ;
; recv.data[30] ; No input delay, min/max delays, false-path exceptions, or max skew assignments found ;
; recv.data[31] ; No input delay, min/max delays, false-path exceptions, or max skew assignments found ;
+---------------+--------------------------------------------------------------------------------------+


+-------------------------------------------------------------------------------------------------------+
; Unconstrained Output Ports                                                                            ;
+---------------+---------------------------------------------------------------------------------------+
; Output Port   ; Comment                                                                               ;
+---------------+---------------------------------------------------------------------------------------+
; send.addr[0]  ; No output delay, min/max delays, false-path exceptions, or max skew assignments found ;
; send.addr[1]  ; No output delay, min/max delays, false-path exceptions, or max skew assignments found ;
; send.addr[2]  ; No output delay, min/max delays, false-path exceptions, or max skew assignments found ;
; send.data[0]  ; No output delay, min/max delays, false-path exceptions, or max skew assignments found ;
; send.data[1]  ; No output delay, min/max delays, false-path exceptions, or max skew assignments found ;
; send.data[2]  ; No output delay, min/max delays, false-path exceptions, or max skew assignments found ;
; send.data[3]  ; No output delay, min/max delays, false-path exceptions, or max skew assignments found ;
; send.data[4]  ; No output delay, min/max delays, false-path exceptions, or max skew assignments found ;
; send.data[5]  ; No output delay, min/max delays, false-path exceptions, or max skew assignments found ;
; send.data[6]  ; No output delay, min/max delays, false-path exceptions, or max skew assignments found ;
; send.data[7]  ; No output delay, min/max delays, false-path exceptions, or max skew assignments found ;
; send.data[8]  ; No output delay, min/max delays, false-path exceptions, or max skew assignments found ;
; send.data[9]  ; No output delay, min/max delays, false-path exceptions, or max skew assignments found ;
; send.data[10] ; No output delay, min/max delays, false-path exceptions, or max skew assignments found ;
; send.data[11] ; No output delay, min/max delays, false-path exceptions, or max skew assignments found ;
; send.data[12] ; No output delay, min/max delays, false-path exceptions, or max skew assignments found ;
; send.data[13] ; No output delay, min/max delays, false-path exceptions, or max skew assignments found ;
; send.data[14] ; No output delay, min/max delays, false-path exceptions, or max skew assignments found ;
; send.data[15] ; No output delay, min/max delays, false-path exceptions, or max skew assignments found ;
; send.data[16] ; No output delay, min/max delays, false-path exceptions, or max skew assignments found ;
; send.data[17] ; No output delay, min/max delays, false-path exceptions, or max skew assignments found ;
; send.data[18] ; No output delay, min/max delays, false-path exceptions, or max skew assignments found ;
; send.data[19] ; No output delay, min/max delays, false-path exceptions, or max skew assignments found ;
; send.data[22] ; No output delay, min/max delays, false-path exceptions, or max skew assignments found ;
; send.data[24] ; No output delay, min/max delays, false-path exceptions, or max skew assignments found ;
; send.data[25] ; No output delay, min/max delays, false-path exceptions, or max skew assignments found ;
; send.data[26] ; No output delay, min/max delays, false-path exceptions, or max skew assignments found ;
; send.data[28] ; No output delay, min/max delays, false-path exceptions, or max skew assignments found ;
; send.data[29] ; No output delay, min/max delays, false-path exceptions, or max skew assignments found ;
; send.data[30] ; No output delay, min/max delays, false-path exceptions, or max skew assignments found ;
+---------------+---------------------------------------------------------------------------------------+


+--------------------------+
; Timing Analyzer Messages ;
+--------------------------+
Info: *******************************************************************
Info: Running Quartus Prime Timing Analyzer
    Info: Version 18.1.0 Build 625 09/12/2018 SJ Lite Edition
    Info: Processing started: Thu May 21 11:47:40 2026
Info: Command: quartus_sta PD_Asp -c PD_Asp
Info: qsta_default_script.tcl version: #1
Warning (18236): Number of processors has not been specified which may cause overloading on shared machines.  Set the global assignment NUM_PARALLEL_PROCESSORS in your QSF to an appropriate value for best performance.
Info (20030): Parallel compilation is enabled and will use 12 of the 12 processors detected
Info (21077): Low junction temperature is 0 degrees C
Info (21077): High junction temperature is 85 degrees C
Info (332104): Reading SDC File: 'pd_asp.sdc'
Warning (332174): Ignored filter at pd_asp.sdc(8): clk could not be matched with a port File: D:/701_ip/pd_asp.sdc Line: 8
Warning (332049): Ignored create_clock at pd_asp.sdc(8): Argument <targets> is an empty collection File: D:/701_ip/pd_asp.sdc Line: 8
    Info (332050): create_clock -name clk -period 10.0 [get_ports {clk}] File: D:/701_ip/pd_asp.sdc Line: 8
Warning (332174): Ignored filter at pd_asp.sdc(10): clk could not be matched with a clock File: D:/701_ip/pd_asp.sdc Line: 10
Warning (332049): Ignored set_input_delay at pd_asp.sdc(10): Argument -clock is not an object ID File: D:/701_ip/pd_asp.sdc Line: 10
    Info (332050): set_input_delay  -clock clk -max 0.5 [all_inputs] File: D:/701_ip/pd_asp.sdc Line: 10
Warning (332049): Ignored set_input_delay at pd_asp.sdc(11): Argument -clock is not an object ID File: D:/701_ip/pd_asp.sdc Line: 11
    Info (332050): set_input_delay  -clock clk -min 0.1 [all_inputs] File: D:/701_ip/pd_asp.sdc Line: 11
Warning (332049): Ignored set_output_delay at pd_asp.sdc(12): Argument -clock is not an object ID File: D:/701_ip/pd_asp.sdc Line: 12
    Info (332050): set_output_delay -clock clk -max 0.5 [all_outputs] File: D:/701_ip/pd_asp.sdc Line: 12
Warning (332049): Ignored set_output_delay at pd_asp.sdc(13): Argument -clock is not an object ID File: D:/701_ip/pd_asp.sdc Line: 13
    Info (332050): set_output_delay -clock clk -min 0.1 [all_outputs] File: D:/701_ip/pd_asp.sdc Line: 13
Info (332142): No user constrained base clocks found in the design. Calling "derive_clocks -period 1.0"
Info (332105): Deriving Clocks
    Info (332105): create_clock -period 1.000 -name clock clock
Info (332143): No user constrained clock uncertainty found in the design. Calling "derive_clock_uncertainty"
Info (332123): Deriving Clock Uncertainty. Please refer to report_sdc in the Timing Analyzer to see clock uncertainties.
Info: Found TIMING_ANALYZER_REPORT_SCRIPT_INCLUDE_DEFAULT_ANALYSIS = ON
Info: Analyzing Slow 1100mV 85C Model
Critical Warning (332148): Timing requirements not met
    Info (11105): For recommendations on closing timing, run Report Timing Closure Recommendations in the Timing Analyzer.
Info (332146): Worst-case setup slack is -5.608
    Info (332119):     Slack       End Point TNS Clock 
    Info (332119): ========= =================== =====================
    Info (332119):    -5.608            -787.241 clock 
Info (332146): Worst-case hold slack is 0.492
    Info (332119):     Slack       End Point TNS Clock 
    Info (332119): ========= =================== =====================
    Info (332119):     0.492               0.000 clock 
Info (332140): No Recovery paths to report
Info (332140): No Removal paths to report
Info (332146): Worst-case minimum pulse width slack is -0.724
    Info (332119):     Slack       End Point TNS Clock 
    Info (332119): ========= =================== =====================
    Info (332119):    -0.724            -241.546 clock 
Info: Analyzing Slow 1100mV 0C Model
Info (334003): Started post-fitting delay annotation
Info (334004): Delay annotation completed successfully
Info (332123): Deriving Clock Uncertainty. Please refer to report_sdc in the Timing Analyzer to see clock uncertainties.
Critical Warning (332148): Timing requirements not met
    Info (11105): For recommendations on closing timing, run Report Timing Closure Recommendations in the Timing Analyzer.
Info (332146): Worst-case setup slack is -5.484
    Info (332119):     Slack       End Point TNS Clock 
    Info (332119): ========= =================== =====================
    Info (332119):    -5.484            -765.996 clock 
Info (332146): Worst-case hold slack is 0.499
    Info (332119):     Slack       End Point TNS Clock 
    Info (332119): ========= =================== =====================
    Info (332119):     0.499               0.000 clock 
Info (332140): No Recovery paths to report
Info (332140): No Removal paths to report
Info (332146): Worst-case minimum pulse width slack is -0.724
    Info (332119):     Slack       End Point TNS Clock 
    Info (332119): ========= =================== =====================
    Info (332119):    -0.724            -241.246 clock 
Info: Analyzing Fast 1100mV 85C Model
Info (334003): Started post-fitting delay annotation
Info (334004): Delay annotation completed successfully
Info (332123): Deriving Clock Uncertainty. Please refer to report_sdc in the Timing Analyzer to see clock uncertainties.
Critical Warning (332148): Timing requirements not met
    Info (11105): For recommendations on closing timing, run Report Timing Closure Recommendations in the Timing Analyzer.
Info (332146): Worst-case setup slack is -1.880
    Info (332119):     Slack       End Point TNS Clock 
    Info (332119): ========= =================== =====================
    Info (332119):    -1.880            -230.402 clock 
Info (332146): Worst-case hold slack is 0.181
    Info (332119):     Slack       End Point TNS Clock 
    Info (332119): ========= =================== =====================
    Info (332119):     0.181               0.000 clock 
Info (332140): No Recovery paths to report
Info (332140): No Removal paths to report
Info (332146): Worst-case minimum pulse width slack is -0.092
    Info (332119):     Slack       End Point TNS Clock 
    Info (332119): ========= =================== =====================
    Info (332119):    -0.092             -19.082 clock 
Info: Analyzing Fast 1100mV 0C Model
Info (332123): Deriving Clock Uncertainty. Please refer to report_sdc in the Timing Analyzer to see clock uncertainties.
Critical Warning (332148): Timing requirements not met
    Info (11105): For recommendations on closing timing, run Report Timing Closure Recommendations in the Timing Analyzer.
Info (332146): Worst-case setup slack is -1.601
    Info (332119):     Slack       End Point TNS Clock 
    Info (332119): ========= =================== =====================
    Info (332119):    -1.601            -190.505 clock 
Info (332146): Worst-case hold slack is 0.172
    Info (332119):     Slack       End Point TNS Clock 
    Info (332119): ========= =================== =====================
    Info (332119):     0.172               0.000 clock 
Info (332140): No Recovery paths to report
Info (332140): No Removal paths to report
Info (332146): Worst-case minimum pulse width slack is -0.091
    Info (332119):     Slack       End Point TNS Clock 
    Info (332119): ========= =================== =====================
    Info (332119):    -0.091             -19.022 clock 
Info (332102): Design is not fully constrained for setup requirements
Info (332102): Design is not fully constrained for hold requirements
Info: Quartus Prime Timing Analyzer was successful. 0 errors, 12 warnings
    Info: Peak virtual memory: 5304 megabytes
    Info: Processing ended: Thu May 21 11:47:50 2026
    Info: Elapsed time: 00:00:10
    Info: Total CPU time (on all processors): 00:00:07


